name,mbid,url,image_small,image
Cher,bfcc6d75-a6a5-4bc6-8282-47aec8531818,https://www.last.fm/music/Cher,https://lastfm.freetls.fastly.net/i/u/34s/2a96cbd8b46e442fc41c2b86b821562f.png,[{"#text":"https://lastfm.freetls.fastly.net/i/u/34s/2a96cbd8b46e442fc41c2b86b821562f.png","size":"small"},{"#text":"https://lastfm.freetls.fastly.net/i/u/64s/2a96cbd8b46e442fc41c2b86b821562f.png","size":"medium"},{"#text":"https://lastfm.freetls.fastly.net/i/u/174s/2a96cbd8b46e442fc41c2b86b821562f.png","size":"large"},{"#text":"https://lastfm.freetls.fastly.net/i/u/300x300/2a96cbd8b46e442fc41c2b86b821562f.png","size":"extralarge"},{"#text":"https://lastfm.freetls.fastly.net/i/u/300x300/2a96cbd8b46e442fc41c2b86b821562f.png","size":"mega"}]
Cher Lloyd,48fbfb0b-92ee-45eb-99c2-0bde4c05962e,https://www.last.fm/music/Cher+Lloyd,https://lastfm.freetls.fastly.net/i/u/34s/2a96cbd8b46e442fc41c2b86b821562f.png,[{"#text":"https://lastfm.freetls.fastly.net/i/u/34s/2a96cbd8b46e442fc41c2b86b821562f.png","size":"small"},{"#text":"https://lastfm.freetls.fastly.net/i/u/64s/2a96cbd8b46e442fc41c2b86b821562f.png","size":"medium"},{"#text":"https://lastfm.freetls.fastly.net/i/u/174s/2a96cbd8b46e442fc41c2b86b821562f.png","size":"large"},{"#text":"https://lastfm.freetls.fastly.net/i/u/300x300/2a96cbd8b46e442fc41c2b86b821562f.png","size":"extralarge"},{"#text":"https://lastfm.freetls.fastly.net/i/u/300x300/2a96cbd8b46e442fc41c2b86b821562f.png","size":"mega"}]
Cheryl Cole,2d499150-1c42-4ffb-a90c-1cc635519d33,https://www.last.fm/music/Cheryl+Cole,https://lastfm.freetls.fastly.net/i/u/34s/2a96cbd8b46e442fc41c2b86b821562f.png,[{"#text":"https://lastfm.freetls.fastly.net/i/u/34s/2a96cbd8b46e442fc41c2b86b821562f.png","size":"small"},{"#text":"https://lastfm.freetls.fastly.net/i/u/64s/2a96cbd8b46e442fc41c2b86b821562f.png","size":"medium"},{"#text":"https://lastfm.freetls.fastly.net/i/u/174s/2a96cbd8b46e442fc41c2b86b821562f.png","size":"large"},{"#text":"https://lastfm.freetls.fastly.net/i/u/300x300/2a96cbd8b46e442fc41c2b86b821562f.png","size":"extralarge"},{"#text":"https://lastfm.freetls.fastly.net/i/u/300x300/2a96cbd8b46e442fc41c2b86b821562f.png","size":"mega"}]
CHERRY BULLET,,https://www.last.fm/music/CHERRY+BULLET,https://lastfm.freetls.fastly.net/i/u/34s/2a96cbd8b46e442fc41c2b86b821562f.png,[{"#text":"https://lastfm.freetls.fastly.net/i/u/34s/2a96cbd8b46e442fc41c2b86b821562f.png","size":"small"},{"#text":"https://lastfm.freetls.fastly.net/i/u/64s/2a96cbd8b46e442fc41c2b86b821562f.png","size":"medium"},{"#text":"https://lastfm.freetls.fastly.net/i/u/174s/2a96cbd8b46e442fc41c2b86b821562f.png","size":"large"},{"#text":"https://lastfm.freetls.fastly.net/i/u/300x300/2a96cbd8b46e442fc41c2b86b821562f.png","size":"extralarge"},{"#text":"https://lastfm.freetls.fastly.net/i/u/300x300/2a96cbd8b46e442fc41c2b86b821562f.png","size":"mega"}]
Cherry Glazerr,64a0c404-58af-4083-8fc6-a6725ef02ecb,https://www.last.fm/music/Cherry+Glazerr,https://lastfm.freetls.fastly.net/i/u/34s/2a96cbd8b46e442fc41c2b86b821562f.png,[{"#text":"https://lastfm.freetls.fastly.net/i/u/34s/2a96cbd8b46e442fc41c2b86b821562f.png","size":"small"},{"#text":"https://lastfm.freetls.fastly.net/i/u/64s/2a96cbd8b46e442fc41c2b86b821562f.png","size":"medium"},{"#text":"https://lastfm.freetls.fastly.net/i/u/174s/2a96cbd8b46e442fc41c2b86b821562f.png","size":"large"},{"#text":"https://lastfm.freetls.fastly.net/i/u/300x300/2a96cbd8b46e442fc41c2b86b821562f.png","size":"extralarge"},{"#text":"https://lastfm.freetls.fastly.net/i/u/300x300/2a96cbd8b46e442fc41c2b86b821562f.png","size":"mega"}]
Black Stone Cherry,1801bd47-46ae-49ff-bfcd-6e01b562d880,https://www.last.fm/music/Black+Stone+Cherry,https://lastfm.freetls.fastly.net/i/u/34s/2a96cbd8b46e442fc41c2b86b821562f.png,[{"#text":"https://lastfm.freetls.fastly.net/i/u/34s/2a96cbd8b46e442fc41c2b86b821562f.png","size":"small"},{"#text":"https://lastfm.freetls.fastly.net/i/u/64s/2a96cbd8b46e442fc41c2b86b821562f.png","size":"medium"},{"#text":"https://lastfm.freetls.fastly.net/i/u/174s/2a96cbd8b46e442fc41c2b86b821562f.png","size":"large"},{"#text":"https://lastfm.freetls.fastly.net/i/u/300x300/2a96cbd8b46e442fc41c2b86b821562f.png","size":"extralarge"},{"#text":"https://lastfm.freetls.fastly.net/i/u/300x300/2a96cbd8b46e442fc41c2b86b821562f.png","size":"mega"}]
Cheryl,85df56ab-e125-4169-8ac8-e6666128d526,https://www.last.fm/music/Cheryl,https://lastfm.freetls.fastly.net/i/u/34s/2a96cbd8b46e442fc41c2b86b821562f.png,[{"#text":"https://lastfm.freetls.fastly.net/i/u/34s/2a96cbd8b46e442fc41c2b86b821562f.png","size":"small"},{"#text":"https://lastfm.freetls.fastly.net/i/u/64s/2a96cbd8b46e442fc41c2b86b821562f.png","size":"medium"},{"#text":"https://lastfm.freetls.fastly.net/i/u/174s/2a96cbd8b46e442fc41c2b86b821562f.png","size":"large"},{"#text":"https://lastfm.freetls.fastly.net/i/u/300x300/2a96cbd8b46e442fc41c2b86b821562f.png","size":"extralarge"},{"#text":"https://lastfm.freetls.fastly.net/i/u/300x300/2a96cbd8b46e442fc41c2b86b821562f.png","size":"mega"}]
Eagle-Eye Cherry,4a5777b3-f55b-437c-8b23-d9ee7791c7fc,https://www.last.fm/music/Eagle-Eye+Cherry,https://lastfm.freetls.fastly.net/i/u/34s/2a96cbd8b46e442fc41c2b86b821562f.png,[{"#text":"https://lastfm.freetls.fastly.net/i/u/34s/2a96cbd8b46e442fc41c2b86b821562f.png","size":"small"},{"#text":"https://lastfm.freetls.fastly.net/i/u/64s/2a96cbd8b46e442fc41c2b86b821562f.png","size":"medium"},{"#text":"https://lastfm.freetls.fastly.net/i/u/174s/2a96cbd8b46e442fc41c2b86b821562f.png","size":"large"},{"#text":"https://lastfm.freetls.fastly.net/i/u/300x300/2a96cbd8b46e442fc41c2b86b821562f.png","size":"extralarge"},{"#text":"https://lastfm.freetls.fastly.net/i/u/300x300/2a96cbd8b46e442fc41c2b86b821562f.png","size":"mega"}]
Cherub,abf42fca-8c2e-4d55-9fc8-6b1fc65a80f1,https://www.last.fm/music/Cherub,https://lastfm.freetls.fastly.net/i/u/34s/2a96cbd8b46e442fc41c2b86b821562f.png,[{"#text":"https://lastfm.freetls.fastly.net/i/u/34s/2a96cbd8b46e442fc41c2b86b821562f.png","size":"small"},{"#text":"https://lastfm.freetls.fastly.net/i/u/64s/2a96cbd8b46e442fc41c2b86b821562f.png","size":"medium"},{"#text":"https://lastfm.freetls.fastly.net/i/u/174s/2a96cbd8b46e442fc41c2b86b821562f.png","size":"large"},{"#text":"https://lastfm.freetls.fastly.net/i/u/300x300/2a96cbd8b46e442fc41c2b86b821562f.png","size":"extralarge"},{"#text":"https://lastfm.freetls.fastly.net/i/u/300x300/2a96cbd8b46e442fc41c2b86b821562f.png","size":"mega"}]
Cheriimoya,,https://www.last.fm/music/Cheriimoya,https://lastfm.freetls.fastly.net/i/u/34s/2a96cbd8b46e442fc41c2b86b821562f.png,[{"#text":"https://lastfm.freetls.fastly.net/i/u/34s/2a96cbd8b46e442fc41c2b86b821562f.png","size":"small"},{"#text":"https://lastfm.freetls.fastly.net/i/u/64s/2a96cbd8b46e442fc41c2b86b821562f.png","size":"medium"},{"#text":"https://lastfm.freetls.fastly.net/i/u/174s/2a96cbd8b46e442fc41c2b86b821562f.png","size":"large"},{"#text":"https://lastfm.freetls.fastly.net/i/u/300x300/2a96cbd8b46e442fc41c2b86b821562f.png","size":"extralarge"},{"#text":"https://lastfm.freetls.fastly.net/i/u/300x300/2a96cbd8b46e442fc41c2b86b821562f.png","size":"mega"}]
Cherish,e82500a8-70ce-46ad-a028-b0690420d560,https://www.last.fm/music/Cherish,https://lastfm.freetls.fastly.net/i/u/34s/2a96cbd8b46e442fc41c2b86b821562f.png,[{"#text":"https://lastfm.freetls.fastly.net/i/u/34s/2a96cbd8b46e442fc41c2b86b821562f.png","size":"small"},{"#text":"https://lastfm.freetls.fastly.net/i/u/64s/2a96cbd8b46e442fc41c2b86b821562f.png","size":"medium"},{"#text":"https://lastfm.freetls.fastly.net/i/u/174s/2a96cbd8b46e442fc41c2b86b821562f.png","size":"large"},{"#text":"https://lastfm.freetls.fastly.net/i/u/300x300/2a96cbd8b46e442fc41c2b86b821562f.png","size":"extralarge"},{"#text":"https://lastfm.freetls.fastly.net/i/u/300x300/2a96cbd8b46e442fc41c2b86b821562f.png","size":"mega"}]
Neneh Cherry,527c65d1-9fdb-4482-8796-dde2980bd63a,https://www.last.fm/music/Neneh+Cherry,https://lastfm.freetls.fastly.net/i/u/34s/2a96cbd8b46e442fc41c2b86b821562f.png,[{"#text":"https://lastfm.freetls.fastly.net/i/u/34s/2a96cbd8b46e442fc41c2b86b821562f.png","size":"small"},{"#text":"https://lastfm.freetls.fastly.net/i/u/64s/2a96cbd8b46e442fc41c2b86b821562f.png","size":"medium"},{"#text":"https://lastfm.freetls.fastly.net/i/u/174s/2a96cbd8b46e442fc41c2b86b821562f.png","size":"large"},{"#text":"https://lastfm.freetls.fastly.net/i/u/300x300/2a96cbd8b46e442fc41c2b86b821562f.png","size":"extralarge"},{"#text":"https://lastfm.freetls.fastly.net/i/u/300x300/2a96cbd8b46e442fc41c2b86b821562f.png","size":"mega"}]
Cheryl Lynn,c2b8f775-455c-44c3-97ca-f377938da19e,https://www.last.fm/music/Cheryl+Lynn,https://lastfm.freetls.fastly.net/i/u/34s/2a96cbd8b46e442fc41c2b86b821562f.png,[{"#text":"https://lastfm.freetls.fastly.net/i/u/34s/2a96cbd8b46e442fc41c2b86b821562f.png","size":"small"},{"#text":"https://lastfm.freetls.fastly.net/i/u/64s/2a96cbd8b46e442fc41c2b86b821562f.png","size":"medium"},{"#text":"https://lastfm.freetls.fastly.net/i/u/174s/2a96cbd8b46e442fc41c2b86b821562f.png","size":"large"},{"#text":"https://lastfm.freetls.fastly.net/i/u/300x300/2a96cbd8b46e442fc41c2b86b821562f.png","size":"extralarge"},{"#text":"https://lastfm.freetls.fastly.net/i/u/300x300/2a96cbd8b46e442fc41c2b86b821562f.png","size":"mega"}]
Wild Cherry,da5ff827-174b-48d1-9a39-9fa290bb2925,https://www.last.fm/music/Wild+Cherry,https://lastfm.freetls.fastly.net/i/u/34s/2a96cbd8b46e442fc41c2b86b821562f.png,[{"#text":"https://lastfm.freetls.fastly.net/i/u/34s/2a96cbd8b46e442fc41c2b86b821562f.png","size":"small"},{"#text":"https://lastfm.freetls.fastly.net/i/u/64s/2a96cbd8b46e442fc41c2b86b821562f.png","size":"medium"},{"#text":"https://lastfm.freetls.fastly.net/i/u/174s/2a96cbd8b46e442fc41c2b86b821562f.png","size":"large"},{"#text":"https://lastfm.freetls.fastly.net/i/u/300x300/2a96cbd8b46e442fc41c2b86b821562f.png","size":"extralarge"},{"#text":"https://lastfm.freetls.fastly.net/i/u/300x300/2a96cbd8b46e442fc41c2b86b821562f.png","size":"mega"}]
Acid Black Cherry,a3842d12-306c-498a-ae1d-03ee40e3f2ac,https://www.last.fm/music/Acid+Black+Cherry,https://lastfm.freetls.fastly.net/i/u/34s/2a96cbd8b46e442fc41c2b86b821562f.png,[{"#text":"https://lastfm.freetls.fastly.net/i/u/34s/2a96cbd8b46e442fc41c2b86b821562f.png","size":"small"},{"#text":"https://lastfm.freetls.fastly.net/i/u/64s/2a96cbd8b46e442fc41c2b86b821562f.png","size":"medium"},{"#text":"https://lastfm.freetls.fastly.net/i/u/174s/2a96cbd8b46e442fc41c2b86b821562f.png","size":"large"},{"#text":"https://lastfm.freetls.fastly.net/i/u/300x300/2a96cbd8b46e442fc41c2b86b821562f.png","size":"extralarge"},{"#text":"https://lastfm.freetls.fastly.net/i/u/300x300/2a96cbd8b46e442fc41c2b86b821562f.png","size":"mega"}]
Nasty Cherry,,https://www.last.fm/music/Nasty+Cherry,https://lastfm.freetls.fastly.net/i/u/34s/2a96cbd8b46e442fc41c2b86b821562f.png,[{"#text":"https://lastfm.freetls.fastly.net/i/u/34s/2a96cbd8b46e442fc41c2b86b821562f.png","size":"small"},{"#text":"https://lastfm.freetls.fastly.net/i/u/64s/2a96cbd8b46e442fc41c2b86b821562f.png","size":"medium"},{"#text":"https://lastfm.freetls.fastly.net/i/u/174s/2a96cbd8b46e442fc41c2b86b821562f.png","size":"large"},{"#text":"https://lastfm.freetls.fastly.net/i/u/300x300/2a96cbd8b46e442fc41c2b86b821562f.png","size":"extralarge"},{"#text":"https://lastfm.freetls.fastly.net/i/u/300x300/2a96cbd8b46e442fc41c2b86b821562f.png","size":"mega"}]
Cherry Poppin' Daddies,e23612fb-6dd6-4d5c-b638-2611bfc8c48a,https://www.last.fm/music/Cherry+Poppin%27+Daddies,https://lastfm.freetls.fastly.net/i/u/34s/2a96cbd8b46e442fc41c2b86b821562f.png,[{"#text":"https://lastfm.freetls.fastly.net/i/u/34s/2a96cbd8b46e442fc41c2b86b821562f.png","size":"small"},{"#text":"https://lastfm.freetls.fastly.net/i/u/64s/2a96cbd8b46e442fc41c2b86b821562f.png","size":"medium"},{"#text":"https://lastfm.freetls.fastly.net/i/u/174s/2a96cbd8b46e442fc41c2b86b821562f.png","size":"large"},{"#text":"https://lastfm.freetls.fastly.net/i/u/300x300/2a96cbd8b46e442fc41c2b86b821562f.png","size":"extralarge"},{"#text":"https://lastfm.freetls.fastly.net/i/u/300x300/2a96cbd8b46e442fc41c2b86b821562f.png","size":"mega"}]
Sonny & Cher,c43d2302-02db-487b-b62d-8cb3c57f94c6,https://www.last.fm/music/Sonny+&+Cher,https://lastfm.freetls.fastly.net/i/u/34s/2a96cbd8b46e442fc41c2b86b821562f.png,[{"#text":"https://lastfm.freetls.fastly.net/i/u/34s/2a96cbd8b46e442fc41c2b86b821562f.png","size":"small"},{"#text":"https://lastfm.freetls.fastly.net/i/u/64s/2a96cbd8b46e442fc41c2b86b821562f.png","size":"medium"},{"#text":"https://lastfm.freetls.fastly.net/i/u/174s/2a96cbd8b46e442fc41c2b86b821562f.png","size":"large"},{"#text":"https://lastfm.freetls.fastly.net/i/u/300x300/2a96cbd8b46e442fc41c2b86b821562f.png","size":"extralarge"},{"#text":"https://lastfm.freetls.fastly.net/i/u/300x300/2a96cbd8b46e442fc41c2b86b821562f.png","size":"mega"}]
Blue Cheer,523b52d7-a819-4111-9085-69fc269c9638,https://www.last.fm/music/Blue+Cheer,https://lastfm.freetls.fastly.net/i/u/34s/2a96cbd8b46e442fc41c2b86b821562f.png,[{"#text":"https://lastfm.freetls.fastly.net/i/u/34s/2a96cbd8b46e442fc41c2b86b821562f.png","size":"small"},{"#text":"https://lastfm.freetls.fastly.net/i/u/64s/2a96cbd8b46e442fc41c2b86b821562f.png","size":"medium"},{"#text":"https://lastfm.freetls.fastly.net/i/u/174s/2a96cbd8b46e442fc41c2b86b821562f.png","size":"large"},{"#text":"https://lastfm.freetls.fastly.net/i/u/300x300/2a96cbd8b46e442fc41c2b86b821562f.png","size":"extralarge"},{"#text":"https://lastfm.freetls.fastly.net/i/u/300x300/2a96cbd8b46e442fc41c2b86b821562f.png","size":"mega"}]
Cherry Ghost,1e76c9f2-2f79-4521-a418-a3c22eda30fa,https://www.last.fm/music/Cherry+Ghost,https://lastfm.freetls.fastly.net/i/u/34s/2a96cbd8b46e442fc41c2b86b821562f.png,[{"#text":"https://lastfm.freetls.fastly.net/i/u/34s/2a96cbd8b46e442fc41c2b86b821562f.png","size":"small"},{"#text":"https://lastfm.freetls.fastly.net/i/u/64s/2a96cbd8b46e442fc41c2b86b821562f.png","size":"medium"},{"#text":"https://lastfm.freetls.fastly.net/i/u/174s/2a96cbd8b46e442fc41c2b86b821562f.png","size":"large"},{"#text":"https://lastfm.freetls.fastly.net/i/u/300x300/2a96cbd8b46e442fc41c2b86b821562f.png","size":"extralarge"},{"#text":"https://lastfm.freetls.fastly.net/i/u/300x300/2a96cbd8b46e442fc41c2b86b821562f.png","size":"mega"}]
CHERNIKOVSKAYA HATA,,https://www.last.fm/music/CHERNIKOVSKAYA+HATA,https://lastfm.freetls.fastly.net/i/u/34s/2a96cbd8b46e442fc41c2b86b821562f.png,[{"#text":"https://lastfm.freetls.fastly.net/i/u/34s/2a96cbd8b46e442fc41c2b86b821562f.png","size":"small"},{"#text":"https://lastfm.freetls.fastly.net/i/u/64s/2a96cbd8b46e442fc41c2b86b821562f.png","size":"medium"},{"#text":"https://lastfm.freetls.fastly.net/i/u/174s/2a96cbd8b46e442fc41c2b86b821562f.png","size":"large"},{"#text":"https://lastfm.freetls.fastly.net/i/u/300x300/2a96cbd8b46e442fc41c2b86b821562f.png","size":"extralarge"},{"#text":"https://lastfm.freetls.fastly.net/i/u/300x300/2a96cbd8b46e442fc41c2b86b821562f.png","size":"mega"}]
cheRomani+,,https://www.last.fm/music/cheRomani%252B,https://lastfm.freetls.fastly.net/i/u/34s/2a96cbd8b46e442fc41c2b86b821562f.png,[{"#text":"https://lastfm.freetls.fastly.net/i/u/34s/2a96cbd8b46e442fc41c2b86b821562f.png","size":"small"},{"#text":"https://lastfm.freetls.fastly.net/i/u/64s/2a96cbd8b46e442fc41c2b86b821562f.png","size":"medium"},{"#text":"https://lastfm.freetls.fastly.net/i/u/174s/2a96cbd8b46e442fc41c2b86b821562f.png","size":"large"},{"#text":"https://lastfm.freetls.fastly.net/i/u/300x300/2a96cbd8b46e442fc41c2b86b821562f.png","size":"extralarge"},{"#text":"https://lastfm.freetls.fastly.net/i/u/300x300/2a96cbd8b46e442fc41c2b86b821562f.png","size":"mega"}]
cehryl,,https://www.last.fm/music/cehryl,https://lastfm.freetls.fastly.net/i/u/34s/2a96cbd8b46e442fc41c2b86b821562f.png,[{"#text":"https://lastfm.freetls.fastly.net/i/u/34s/2a96cbd8b46e442fc41c2b86b821562f.png","size":"small"},{"#text":"https://lastfm.freetls.fastly.net/i/u/64s/2a96cbd8b46e442fc41c2b86b821562f.png","size":"medium"},{"#text":"https://lastfm.freetls.fastly.net/i/u/174s/2a96cbd8b46e442fc41c2b86b821562f.png","size":"large"},{"#text":"https://lastfm.freetls.fastly.net/i/u/300x300/2a96cbd8b46e442fc41c2b86b821562f.png","size":"extralarge"},{"#text":"https://lastfm.freetls.fastly.net/i/u/300x300/2a96cbd8b46e442fc41c2b86b821562f.png","size":"mega"}]
800 Cherries,4012a50b-a64f-450f-a418-fd473e6ccea4,https://www.last.fm/music/800+Cherries,https://lastfm.freetls.fastly.net/i/u/34s/2a96cbd8b46e442fc41c2b86b821562f.png,[{"#text":"https://lastfm.freetls.fastly.net/i/u/34s/2a96cbd8b46e442fc41c2b86b821562f.png","size":"small"},{"#text":"https://lastfm.freetls.fastly.net/i/u/64s/2a96cbd8b46e442fc41c2b86b821562f.png","size":"medium"},{"#text":"https://lastfm.freetls.fastly.net/i/u/174s/2a96cbd8b46e442fc41c2b86b821562f.png","size":"large"},{"#text":"https://lastfm.freetls.fastly.net/i/u/300x300/2a96cbd8b46e442fc41c2b86b821562f.png","size":"extralarge"},{"#text":"https://lastfm.freetls.fastly.net/i/u/300x300/2a96cbd8b46e442fc41c2b86b821562f.png","size":"mega"}]
Don Cherry,d45e4d9d-45c1-45cb-941a-8a5025874e06,https://www.last.fm/music/Don+Cherry,https://lastfm.freetls.fastly.net/i/u/34s/2a96cbd8b46e442fc41c2b86b821562f.png,[{"#text":"https://lastfm.freetls.fastly.net/i/u/34s/2a96cbd8b46e442fc41c2b86b821562f.png","size":"small"},{"#text":"https://lastfm.freetls.fastly.net/i/u/64s/2a96cbd8b46e442fc41c2b86b821562f.png","size":"medium"},{"#text":"https://lastfm.freetls.fastly.net/i/u/174s/2a96cbd8b46e442fc41c2b86b821562f.png","size":"large"},{"#text":"https://lastfm.freetls.fastly.net/i/u/300x300/2a96cbd8b46e442fc41c2b86b821562f.png","size":"extralarge"},{"#text":"https://lastfm.freetls.fastly.net/i/u/300x300/2a96cbd8b46e442fc41c2b86b821562f.png","size":"mega"}]
Cherokee,ea71fddc-7e41-470f-8e13-6cd50ae981da,https://www.last.fm/music/Cherokee,https://lastfm.freetls.fastly.net/i/u/34s/2a96cbd8b46e442fc41c2b86b821562f.png,[{"#text":"https://lastfm.freetls.fastly.net/i/u/34s/2a96cbd8b46e442fc41c2b86b821562f.png","size":"small"},{"#text":"https://lastfm.freetls.fastly.net/i/u/64s/2a96cbd8b46e442fc41c2b86b821562f.png","size":"medium"},{"#text":"https://lastfm.freetls.fastly.net/i/u/174s/2a96cbd8b46e442fc41c2b86b821562f.png","size":"large"},{"#text":"https://lastfm.freetls.fastly.net/i/u/300x300/2a96cbd8b46e442fc41c2b86b821562f.png","size":"extralarge"},{"#text":"https://lastfm.freetls.fastly.net/i/u/300x300/2a96cbd8b46e442fc41c2b86b821562f.png","size":"mega"}]
Paul Cherry,,https://www.last.fm/music/Paul+Cherry,https://lastfm.freetls.fastly.net/i/u/34s/2a96cbd8b46e442fc41c2b86b821562f.png,[{"#text":"https://lastfm.freetls.fastly.net/i/u/34s/2a96cbd8b46e442fc41c2b86b821562f.png","size":"small"},{"#text":"https://lastfm.freetls.fastly.net/i/u/64s/2a96cbd8b46e442fc41c2b86b821562f.png","size":"medium"},{"#text":"https://lastfm.freetls.fastly.net/i/u/174s/2a96cbd8b46e442fc41c2b86b821562f.png","size":"large"},{"#text":"https://lastfm.freetls.fastly.net/i/u/300x300/2a96cbd8b46e442fc41c2b86b821562f.png","size":"extralarge"},{"#text":"https://lastfm.freetls.fastly.net/i/u/300x300/2a96cbd8b46e442fc41c2b86b821562f.png","size":"mega"}]
Cherrie,,https://www.last.fm/music/Cherrie,https://lastfm.freetls.fastly.net/i/u/34s/2a96cbd8b46e442fc41c2b86b821562f.png,[{"#text":"https://lastfm.freetls.fastly.net/i/u/34s/2a96cbd8b46e442fc41c2b86b821562f.png","size":"small"},{"#text":"https://lastfm.freetls.fastly.net/i/u/64s/2a96cbd8b46e442fc41c2b86b821562f.png","size":"medium"},{"#text":"https://lastfm.freetls.fastly.net/i/u/174s/2a96cbd8b46e442fc41c2b86b821562f.png","size":"large"},{"#text":"https://lastfm.freetls.fastly.net/i/u/300x300/2a96cbd8b46e442fc41c2b86b821562f.png","size":"extralarge"},{"#text":"https://lastfm.freetls.fastly.net/i/u/300x300/2a96cbd8b46e442fc41c2b86b821562f.png","size":"mega"}]
Cherubs,6106ec43-8658-4fc3-b8a6-5379831a6cfa,https://www.last.fm/music/Cherubs,https://lastfm.freetls.fastly.net/i/u/34s/2a96cbd8b46e442fc41c2b86b821562f.png,[{"#text":"https://lastfm.freetls.fastly.net/i/u/34s/2a96cbd8b46e442fc41c2b86b821562f.png","size":"small"},{"#text":"https://lastfm.freetls.fastly.net/i/u/64s/2a96cbd8b46e442fc41c2b86b821562f.png","size":"medium"},{"#text":"https://lastfm.freetls.fastly.net/i/u/174s/2a96cbd8b46e442fc41c2b86b821562f.png","size":"large"},{"#text":"https://lastfm.freetls.fastly.net/i/u/300x300/2a96cbd8b46e442fc41c2b86b821562f.png","size":"extralarge"},{"#text":"https://lastfm.freetls.fastly.net/i/u/300x300/2a96cbd8b46e442fc41c2b86b821562f.png","size":"mega"}]
Cherrelle,2a0b3bf9-0d04-4e49-91f5-9530cbebab55,https://www.last.fm/music/Cherrelle,https://lastfm.freetls.fastly.net/i/u/34s/2a96cbd8b46e442fc41c2b86b821562f.png,[{"#text":"https://lastfm.freetls.fastly.net/i/u/34s/2a96cbd8b46e442fc41c2b86b821562f.png","size":"small"},{"#text":"https://lastfm.freetls.fastly.net/i/u/64s/2a96cbd8b46e442fc41c2b86b821562f.png","size":"medium"},{"#text":"https://lastfm.freetls.fastly.net/i/u/174s/2a96cbd8b46e442fc41c2b86b821562f.png","size":"large"},{"#text":"https://lastfm.freetls.fastly.net/i/u/300x300/2a96cbd8b46e442fc41c2b86b821562f.png","size":"extralarge"},{"#text":"https://lastfm.freetls.fastly.net/i/u/300x300/2a96cbd8b46e442fc41c2b86b821562f.png","size":"mega"}]
Undefined,87d3003a-7914-4282-bbb4-9c43f43f89aa,https://www.last.fm/music/Undefined,https://lastfm.freetls.fastly.net/i/u/34s/2a96cbd8b46e442fc41c2b86b821562f.png,[{"#text":"https://lastfm.freetls.fastly.net/i/u/34s/2a96cbd8b46e442fc41c2b86b821562f.png","size":"small"},{"#text":"https://lastfm.freetls.fastly.net/i/u/64s/2a96cbd8b46e442fc41c2b86b821562f.png","size":"medium"},{"#text":"https://lastfm.freetls.fastly.net/i/u/174s/2a96cbd8b46e442fc41c2b86b821562f.png","size":"large"},{"#text":"https://lastfm.freetls.fastly.net/i/u/300x300/2a96cbd8b46e442fc41c2b86b821562f.png","size":"extralarge"},{"#text":"https://lastfm.freetls.fastly.net/i/u/300x300/2a96cbd8b46e442fc41c2b86b821562f.png","size":"mega"}]
Undefined Calx,,https://www.last.fm/music/Undefined+Calx,https://lastfm.freetls.fastly.net/i/u/34s/2a96cbd8b46e442fc41c2b86b821562f.png,[{"#text":"https://lastfm.freetls.fastly.net/i/u/34s/2a96cbd8b46e442fc41c2b86b821562f.png","size":"small"},{"#text":"https://lastfm.freetls.fastly.net/i/u/64s/2a96cbd8b46e442fc41c2b86b821562f.png","size":"medium"},{"#text":"https://lastfm.freetls.fastly.net/i/u/174s/2a96cbd8b46e442fc41c2b86b821562f.png","size":"large"},{"#text":"https://lastfm.freetls.fastly.net/i/u/300x300/2a96cbd8b46e442fc41c2b86b821562f.png","size":"extralarge"},{"#text":"https://lastfm.freetls.fastly.net/i/u/300x300/2a96cbd8b46e442fc41c2b86b821562f.png","size":"mega"}]
undefinedPlayboi Carti,,https://www.last.fm/music/undefinedPlayboi+Carti,,[{"#text":"","size":"small"},{"#text":"","size":"medium"},{"#text":"","size":"large"},{"#text":"","size":"extralarge"},{"#text":"","size":"mega"}]
Undefined (MT),,https://www.last.fm/music/Undefined+(MT),,[{"#text":"","size":"small"},{"#text":"","size":"medium"},{"#text":"","size":"large"},{"#text":"","size":"extralarge"},{"#text":"","size":"mega"}]
undefined.,,https://www.last.fm/music/undefined.,,[{"#text":"","size":"small"},{"#text":"","size":"medium"},{"#text":"","size":"large"},{"#text":"","size":"extralarge"},{"#text":"","size":"mega"}]
Undefined Pattern,,https://www.last.fm/music/Undefined+Pattern,,[{"#text":"","size":"small"},{"#text":"","size":"medium"},{"#text":"","size":"large"},{"#text":"","size":"extralarge"},{"#text":"","size":"mega"}]
<Undefined>,,https://www.last.fm/music/%3CUndefined%3E,,[{"#text":"","size":"small"},{"#text":"","size":"medium"},{"#text":"","size":"large"},{"#text":"","size":"extralarge"},{"#text":"","size":"mega"}]
undefined audios,,https://www.last.fm/music/undefined+audios,,[{"#text":"","size":"small"},{"#text":"","size":"medium"},{"#text":"","size":"large"},{"#text":"","size":"extralarge"},{"#text":"","size":"mega"}]
The Undefined,,https://www.last.fm/music/The+Undefined,,[{"#text":"","size":"small"},{"#text":"","size":"medium"},{"#text":"","size":"large"},{"#text":"","size":"extralarge"},{"#text":"","size":"mega"}]
Undefined field,,https://www.last.fm/music/Undefined+field,,[{"#text":"","size":"small"},{"#text":"","size":"medium"},{"#text":"","size":"large"},{"#text":"","size":"extralarge"},{"#text":"","size":"mega"}]
Kazufumi Kodama & Undefined,,https://www.last.fm/music/Kazufumi+Kodama+&+Undefined,https://lastfm.freetls.fastly.net/i/u/34s/2a96cbd8b46e442fc41c2b86b821562f.png,[{"#text":"https://lastfm.freetls.fastly.net/i/u/34s/2a96cbd8b46e442fc41c2b86b821562f.png","size":"small"},{"#text":"https://lastfm.freetls.fastly.net/i/u/64s/2a96cbd8b46e442fc41c2b86b821562f.png","size":"medium"},{"#text":"https://lastfm.freetls.fastly.net/i/u/174s/2a96cbd8b46e442fc41c2b86b821562f.png","size":"large"},{"#text":"https://lastfm.freetls.fastly.net/i/u/300x300/2a96cbd8b46e442fc41c2b86b821562f.png","size":"extralarge"},{"#text":"https://lastfm.freetls.fastly.net/i/u/300x300/2a96cbd8b46e442fc41c2b86b821562f.png","size":"mega"}]
Hoodzie 'N' Undefined Feat. Marie Louise,,https://www.last.fm/music/Hoodzie+%27N%27+Undefined+Feat.+Marie+Louise,,[{"#text":"","size":"small"},{"#text":"","size":"medium"},{"#text":"","size":"large"},{"#text":"","size":"extralarge"},{"#text":"","size":"mega"}]
Undefined Fantastic Channel,,https://www.last.fm/music/Undefined+Fantastic+Channel,,[{"#text":"","size":"small"},{"#text":"","size":"medium"},{"#text":"","size":"large"},{"#text":"","size":"extralarge"},{"#text":"","size":"mega"}]
Touhou 12 - Undefined Fantastic Object,,https://www.last.fm/music/Touhou+12+-+Undefined+Fantastic+Object,,[{"#text":"","size":"small"},{"#text":"","size":"medium"},{"#text":"","size":"large"},{"#text":"","size":"extralarge"},{"#text":"","size":"mega"}]
U1 undefined behavior,,https://www.last.fm/music/U1+undefined+behavior,,[{"#text":"","size":"small"},{"#text":"","size":"medium"},{"#text":"","size":"large"},{"#text":"","size":"extralarge"},{"#text":"","size":"mega"}]
Undefined Variable,,https://www.last.fm/music/Undefined+Variable,https://lastfm.freetls.fastly.net/i/u/34s/2a96cbd8b46e442fc41c2b86b821562f.png,[{"#text":"https://lastfm.freetls.fastly.net/i/u/34s/2a96cbd8b46e442fc41c2b86b821562f.png","size":"small"},{"#text":"https://lastfm.freetls.fastly.net/i/u/64s/2a96cbd8b46e442fc41c2b86b821562f.png","size":"medium"},{"#text":"https://lastfm.freetls.fastly.net/i/u/174s/2a96cbd8b46e442fc41c2b86b821562f.png","size":"large"},{"#text":"https://lastfm.freetls.fastly.net/i/u/300x300/2a96cbd8b46e442fc41c2b86b821562f.png","size":"extralarge"},{"#text":"https://lastfm.freetls.fastly.net/i/u/300x300/2a96cbd8b46e442fc41c2b86b821562f.png","size":"mega"}]
[undefined],,https://www.last.fm/music/%5Bundefined%5D,,[{"#text":"","size":"small"},{"#text":"","size":"medium"},{"#text":"","size":"large"},{"#text":"","size":"extralarge"},{"#text":"","size":"mega"}]
The Undefined Collective,,https://www.last.fm/music/The+Undefined+Collective,https://lastfm.freetls.fastly.net/i/u/34s/2a96cbd8b46e442fc41c2b86b821562f.png,[{"#text":"https://lastfm.freetls.fastly.net/i/u/34s/2a96cbd8b46e442fc41c2b86b821562f.png","size":"small"},{"#text":"https://lastfm.freetls.fastly.net/i/u/64s/2a96cbd8b46e442fc41c2b86b821562f.png","size":"medium"},{"#text":"https://lastfm.freetls.fastly.net/i/u/174s/2a96cbd8b46e442fc41c2b86b821562f.png","size":"large"},{"#text":"https://lastfm.freetls.fastly.net/i/u/300x300/2a96cbd8b46e442fc41c2b86b821562f.png","size":"extralarge"},{"#text":"https://lastfm.freetls.fastly.net/i/u/300x300/2a96cbd8b46e442fc41c2b86b821562f.png","size":"mega"}]
Forever Undefined,,https://www.last.fm/music/Forever+Undefined,https://lastfm.freetls.fastly.net/i/u/34s/2a96cbd8b46e442fc41c2b86b821562f.png,[{"#text":"https://lastfm.freetls.fastly.net/i/u/34s/2a96cbd8b46e442fc41c2b86b821562f.png","size":"small"},{"#text":"https://lastfm.freetls.fastly.net/i/u/64s/2a96cbd8b46e442fc41c2b86b821562f.png","size":"medium"},{"#text":"https://lastfm.freetls.fastly.net/i/u/174s/2a96cbd8b46e442fc41c2b86b821562f.png","size":"large"},{"#text":"https://lastfm.freetls.fastly.net/i/u/300x300/2a96cbd8b46e442fc41c2b86b821562f.png","size":"extralarge"},{"#text":"https://lastfm.freetls.fastly.net/i/u/300x300/2a96cbd8b46e442fc41c2b86b821562f.png","size":"mega"}]
Undefined Variable and K3WRO,,https://www.last.fm/music/Undefined+Variable+and+K3WRO,,[{"#text":"","size":"small"},{"#text":"","size":"medium"},{"#text":"","size":"large"},{"#text":"","size":"extralarge"},{"#text":"","size":"mega"}]
undefined undefined,,https://www.last.fm/music/undefined+undefined,,[{"#text":"","size":"small"},{"#text":"","size":"medium"},{"#text":"","size":"large"},{"#text":"","size":"extralarge"},{"#text":"","size":"mega"}]
Undefined People,,https://www.last.fm/music/Undefined+People,,[{"#text":"","size":"small"},{"#text":"","size":"medium"},{"#text":"","size":"large"},{"#text":"","size":"extralarge"},{"#text":"","size":"mega"}]
Undefined & Da Mindbender,,https://www.last.fm/music/Undefined+&+Da+Mindbender,https://lastfm.freetls.fastly.net/i/u/34s/2a96cbd8b46e442fc41c2b86b821562f.png,[{"#text":"https://lastfm.freetls.fastly.net/i/u/34s/2a96cbd8b46e442fc41c2b86b821562f.png","size":"small"},{"#text":"https://lastfm.freetls.fastly.net/i/u/64s/2a96cbd8b46e442fc41c2b86b821562f.png","size":"medium"},{"#text":"https://lastfm.freetls.fastly.net/i/u/174s/2a96cbd8b46e442fc41c2b86b821562f.png","size":"large"},{"#text":"https://lastfm.freetls.fastly.net/i/u/300x300/2a96cbd8b46e442fc41c2b86b821562f.png","size":"extralarge"},{"#text":"https://lastfm.freetls.fastly.net/i/u/300x300/2a96cbd8b46e442fc41c2b86b821562f.png","size":"mega"}]
Undefined Purpose,,https://www.last.fm/music/Undefined+Purpose,,[{"#text":"","size":"small"},{"#text":"","size":"medium"},{"#text":"","size":"large"},{"#text":"","size":"extralarge"},{"#text":"","size":"mega"}]
Undefined Noise,,https://www.last.fm/music/Undefined+Noise,,[{"#text":"","size":"small"},{"#text":"","size":"medium"},{"#text":"","size":"large"},{"#text":"","size":"extralarge"},{"#text":"","size":"mega"}]
undefined artist,,https://www.last.fm/music/undefined+artist,,[{"#text":"","size":"small"},{"#text":"","size":"medium"},{"#text":"","size":"large"},{"#text":"","size":"extralarge"},{"#text":"","size":"mega"}]
Undefined Variable & K3WRO,,https://www.last.fm/music/Undefined+Variable+&+K3WRO,https://lastfm.freetls.fastly.net/i/u/34s/2a96cbd8b46e442fc41c2b86b821562f.png,[{"#text":"https://lastfm.freetls.fastly.net/i/u/34s/2a96cbd8b46e442fc41c2b86b821562f.png","size":"small"},{"#text":"https://lastfm.freetls.fastly.net/i/u/64s/2a96cbd8b46e442fc41c2b86b821562f.png","size":"medium"},{"#text":"https://lastfm.freetls.fastly.net/i/u/174s/2a96cbd8b46e442fc41c2b86b821562f.png","size":"large"},{"#text":"https://lastfm.freetls.fastly.net/i/u/300x300/2a96cbd8b46e442fc41c2b86b821562f.png","size":"extralarge"},{"#text":"https://lastfm.freetls.fastly.net/i/u/300x300/2a96cbd8b46e442fc41c2b86b821562f.png","size":"mega"}]
Hoodzie & Undefined Feat. Marie Louise,,https://www.last.fm/music/Hoodzie+&+Undefined+Feat.+Marie+Louise,,[{"#text":"","size":"small"},{"#text":"","size":"medium"},{"#text":"","size":"large"},{"#text":"","size":"extralarge"},{"#text":"","size":"mega"}]
Vast Vision, Undefined,,https://www.last.fm/music/Vast+Vision,+Undefined,,[{"#text":"","size":"small"},{"#text":"","size":"medium"},{"#text":"","size":"large"},{"#text":"","size":"extralarge"},{"#text":"","size":"mega"}]
Undefined Auguments,,https://www.last.fm/music/Undefined+Auguments,,[{"#text":"","size":"small"},{"#text":"","size":"medium"},{"#text":"","size":"large"},{"#text":"","size":"extralarge"},{"#text":"","size":"mega"}]
Undefined,87d3003a-7914-4282-bbb4-9c43f43f89aa,https://www.last.fm/music/Undefined,https://lastfm.freetls.fastly.net/i/u/34s/2a96cbd8b46e442fc41c2b86b821562f.png,[{"#text":"https://lastfm.freetls.fastly.net/i/u/34s/2a96cbd8b46e442fc41c2b86b821562f.png","size":"small"},{"#text":"https://lastfm.freetls.fastly.net/i/u/64s/2a96cbd8b46e442fc41c2b86b821562f.png","size":"medium"},{"#text":"https://lastfm.freetls.fastly.net/i/u/174s/2a96cbd8b46e442fc41c2b86b821562f.png","size":"large"},{"#text":"https://lastfm.freetls.fastly.net/i/u/300x300/2a96cbd8b46e442fc41c2b86b821562f.png","size":"extralarge"},{"#text":"https://lastfm.freetls.fastly.net/i/u/300x300/2a96cbd8b46e442fc41c2b86b821562f.png","size":"mega"}]
Undefined Calx,,https://www.last.fm/music/Undefined+Calx,https://lastfm.freetls.fastly.net/i/u/34s/2a96cbd8b46e442fc41c2b86b821562f.png,[{"#text":"https://lastfm.freetls.fastly.net/i/u/34s/2a96cbd8b46e442fc41c2b86b821562f.png","size":"small"},{"#text":"https://lastfm.freetls.fastly.net/i/u/64s/2a96cbd8b46e442fc41c2b86b821562f.png","size":"medium"},{"#text":"https://lastfm.freetls.fastly.net/i/u/174s/2a96cbd8b46e442fc41c2b86b821562f.png","size":"large"},{"#text":"https://lastfm.freetls.fastly.net/i/u/300x300/2a96cbd8b46e442fc41c2b86b821562f.png","size":"extralarge"},{"#text":"https://lastfm.freetls.fastly.net/i/u/300x300/2a96cbd8b46e442fc41c2b86b821562f.png","size":"mega"}]
undefinedPlayboi Carti,,https://www.last.fm/music/undefinedPlayboi+Carti,,[{"#text":"","size":"small"},{"#text":"","size":"medium"},{"#text":"","size":"large"},{"#text":"","size":"extralarge"},{"#text":"","size":"mega"}]
Undefined (MT),,https://www.last.fm/music/Undefined+(MT),,[{"#text":"","size":"small"},{"#text":"","size":"medium"},{"#text":"","size":"large"},{"#text":"","size":"extralarge"},{"#text":"","size":"mega"}]
undefined.,,https://www.last.fm/music/undefined.,,[{"#text":"","size":"small"},{"#text":"","size":"medium"},{"#text":"","size":"large"},{"#text":"","size":"extralarge"},{"#text":"","size":"mega"}]
Undefined Pattern,,https://www.last.fm/music/Undefined+Pattern,,[{"#text":"","size":"small"},{"#text":"","size":"medium"},{"#text":"","size":"large"},{"#text":"","size":"extralarge"},{"#text":"","size":"mega"}]
<Undefined>,,https://www.last.fm/music/%3CUndefined%3E,,[{"#text":"","size":"small"},{"#text":"","size":"medium"},{"#text":"","size":"large"},{"#text":"","size":"extralarge"},{"#text":"","size":"mega"}]
undefined audios,,https://www.last.fm/music/undefined+audios,,[{"#text":"","size":"small"},{"#text":"","size":"medium"},{"#text":"","size":"large"},{"#text":"","size":"extralarge"},{"#text":"","size":"mega"}]
The Undefined,,https://www.last.fm/music/The+Undefined,,[{"#text":"","size":"small"},{"#text":"","size":"medium"},{"#text":"","size":"large"},{"#text":"","size":"extralarge"},{"#text":"","size":"mega"}]
Undefined field,,https://www.last.fm/music/Undefined+field,,[{"#text":"","size":"small"},{"#text":"","size":"medium"},{"#text":"","size":"large"},{"#text":"","size":"extralarge"},{"#text":"","size":"mega"}]
Kazufumi Kodama & Undefined,,https://www.last.fm/music/Kazufumi+Kodama+&+Undefined,https://lastfm.freetls.fastly.net/i/u/34s/2a96cbd8b46e442fc41c2b86b821562f.png,[{"#text":"https://lastfm.freetls.fastly.net/i/u/34s/2a96cbd8b46e442fc41c2b86b821562f.png","size":"small"},{"#text":"https://lastfm.freetls.fastly.net/i/u/64s/2a96cbd8b46e442fc41c2b86b821562f.png","size":"medium"},{"#text":"https://lastfm.freetls.fastly.net/i/u/174s/2a96cbd8b46e442fc41c2b86b821562f.png","size":"large"},{"#text":"https://lastfm.freetls.fastly.net/i/u/300x300/2a96cbd8b46e442fc41c2b86b821562f.png","size":"extralarge"},{"#text":"https://lastfm.freetls.fastly.net/i/u/300x300/2a96cbd8b46e442fc41c2b86b821562f.png","size":"mega"}]
Hoodzie 'N' Undefined Feat. Marie Louise,,https://www.last.fm/music/Hoodzie+%27N%27+Undefined+Feat.+Marie+Louise,,[{"#text":"","size":"small"},{"#text":"","size":"medium"},{"#text":"","size":"large"},{"#text":"","size":"extralarge"},{"#text":"","size":"mega"}]
Undefined Fantastic Channel,,https://www.last.fm/music/Undefined+Fantastic+Channel,,[{"#text":"","size":"small"},{"#text":"","size":"medium"},{"#text":"","size":"large"},{"#text":"","size":"extralarge"},{"#text":"","size":"mega"}]
Touhou 12 - Undefined Fantastic Object,,https://www.last.fm/music/Touhou+12+-+Undefined+Fantastic+Object,,[{"#text":"","size":"small"},{"#text":"","size":"medium"},{"#text":"","size":"large"},{"#text":"","size":"extralarge"},{"#text":"","size":"mega"}]
U1 undefined behavior,,https://www.last.fm/music/U1+undefined+behavior,,[{"#text":"","size":"small"},{"#text":"","size":"medium"},{"#text":"","size":"large"},{"#text":"","size":"extralarge"},{"#text":"","size":"mega"}]
Undefined Variable,,https://www.last.fm/music/Undefined+Variable,https://lastfm.freetls.fastly.net/i/u/34s/2a96cbd8b46e442fc41c2b86b821562f.png,[{"#text":"https://lastfm.freetls.fastly.net/i/u/34s/2a96cbd8b46e442fc41c2b86b821562f.png","size":"small"},{"#text":"https://lastfm.freetls.fastly.net/i/u/64s/2a96cbd8b46e442fc41c2b86b821562f.png","size":"medium"},{"#text":"https://lastfm.freetls.fastly.net/i/u/174s/2a96cbd8b46e442fc41c2b86b821562f.png","size":"large"},{"#text":"https://lastfm.freetls.fastly.net/i/u/300x300/2a96cbd8b46e442fc41c2b86b821562f.png","size":"extralarge"},{"#text":"https://lastfm.freetls.fastly.net/i/u/300x300/2a96cbd8b46e442fc41c2b86b821562f.png","size":"mega"}]
[undefined],,https://www.last.fm/music/%5Bundefined%5D,,[{"#text":"","size":"small"},{"#text":"","size":"medium"},{"#text":"","size":"large"},{"#text":"","size":"extralarge"},{"#text":"","size":"mega"}]
The Undefined Collective,,https://www.last.fm/music/The+Undefined+Collective,https://lastfm.freetls.fastly.net/i/u/34s/2a96cbd8b46e442fc41c2b86b821562f.png,[{"#text":"https://lastfm.freetls.fastly.net/i/u/34s/2a96cbd8b46e442fc41c2b86b821562f.png","size":"small"},{"#text":"https://lastfm.freetls.fastly.net/i/u/64s/2a96cbd8b46e442fc41c2b86b821562f.png","size":"medium"},{"#text":"https://lastfm.freetls.fastly.net/i/u/174s/2a96cbd8b46e442fc41c2b86b821562f.png","size":"large"},{"#text":"https://lastfm.freetls.fastly.net/i/u/300x300/2a96cbd8b46e442fc41c2b86b821562f.png","size":"extralarge"},{"#text":"https://lastfm.freetls.fastly.net/i/u/300x300/2a96cbd8b46e442fc41c2b86b821562f.png","size":"mega"}]
Forever Undefined,,https://www.last.fm/music/Forever+Undefined,https://lastfm.freetls.fastly.net/i/u/34s/2a96cbd8b46e442fc41c2b86b821562f.png,[{"#text":"https://lastfm.freetls.fastly.net/i/u/34s/2a96cbd8b46e442fc41c2b86b821562f.png","size":"small"},{"#text":"https://lastfm.freetls.fastly.net/i/u/64s/2a96cbd8b46e442fc41c2b86b821562f.png","size":"medium"},{"#text":"https://lastfm.freetls.fastly.net/i/u/174s/2a96cbd8b46e442fc41c2b86b821562f.png","size":"large"},{"#text":"https://lastfm.freetls.fastly.net/i/u/300x300/2a96cbd8b46e442fc41c2b86b821562f.png","size":"extralarge"},{"#text":"https://lastfm.freetls.fastly.net/i/u/300x300/2a96cbd8b46e442fc41c2b86b821562f.png","size":"mega"}]
Undefined Variable and K3WRO,,https://www.last.fm/music/Undefined+Variable+and+K3WRO,,[{"#text":"","size":"small"},{"#text":"","size":"medium"},{"#text":"","size":"large"},{"#text":"","size":"extralarge"},{"#text":"","size":"mega"}]
undefined undefined,,https://www.last.fm/music/undefined+undefined,,[{"#text":"","size":"small"},{"#text":"","size":"medium"},{"#text":"","size":"large"},{"#text":"","size":"extralarge"},{"#text":"","size":"mega"}]
Undefined People,,https://www.last.fm/music/Undefined+People,,[{"#text":"","size":"small"},{"#text":"","size":"medium"},{"#text":"","size":"large"},{"#text":"","size":"extralarge"},{"#text":"","size":"mega"}]
Undefined & Da Mindbender,,https://www.last.fm/music/Undefined+&+Da+Mindbender,https://lastfm.freetls.fastly.net/i/u/34s/2a96cbd8b46e442fc41c2b86b821562f.png,[{"#text":"https://lastfm.freetls.fastly.net/i/u/34s/2a96cbd8b46e442fc41c2b86b821562f.png","size":"small"},{"#text":"https://lastfm.freetls.fastly.net/i/u/64s/2a96cbd8b46e442fc41c2b86b821562f.png","size":"medium"},{"#text":"https://lastfm.freetls.fastly.net/i/u/174s/2a96cbd8b46e442fc41c2b86b821562f.png","size":"large"},{"#text":"https://lastfm.freetls.fastly.net/i/u/300x300/2a96cbd8b46e442fc41c2b86b821562f.png","size":"extralarge"},{"#text":"https://lastfm.freetls.fastly.net/i/u/300x300/2a96cbd8b46e442fc41c2b86b821562f.png","size":"mega"}]
Undefined Purpose,,https://www.last.fm/music/Undefined+Purpose,,[{"#text":"","size":"small"},{"#text":"","size":"medium"},{"#text":"","size":"large"},{"#text":"","size":"extralarge"},{"#text":"","size":"mega"}]
Undefined Noise,,https://www.last.fm/music/Undefined+Noise,,[{"#text":"","size":"small"},{"#text":"","size":"medium"},{"#text":"","size":"large"},{"#text":"","size":"extralarge"},{"#text":"","size":"mega"}]
undefined artist,,https://www.last.fm/music/undefined+artist,,[{"#text":"","size":"small"},{"#text":"","size":"medium"},{"#text":"","size":"large"},{"#text":"","size":"extralarge"},{"#text":"","size":"mega"}]
Undefined Variable & K3WRO,,https://www.last.fm/music/Undefined+Variable+&+K3WRO,https://lastfm.freetls.fastly.net/i/u/34s/2a96cbd8b46e442fc41c2b86b821562f.png,[{"#text":"https://lastfm.freetls.fastly.net/i/u/34s/2a96cbd8b46e442fc41c2b86b821562f.png","size":"small"},{"#text":"https://lastfm.freetls.fastly.net/i/u/64s/2a96cbd8b46e442fc41c2b86b821562f.png","size":"medium"},{"#text":"https://lastfm.freetls.fastly.net/i/u/174s/2a96cbd8b46e442fc41c2b86b821562f.png","size":"large"},{"#text":"https://lastfm.freetls.fastly.net/i/u/300x300/2a96cbd8b46e442fc41c2b86b821562f.png","size":"extralarge"},{"#text":"https://lastfm.freetls.fastly.net/i/u/300x300/2a96cbd8b46e442fc41c2b86b821562f.png","size":"mega"}]
Hoodzie & Undefined Feat. Marie Louise,,https://www.last.fm/music/Hoodzie+&+Undefined+Feat.+Marie+Louise,,[{"#text":"","size":"small"},{"#text":"","size":"medium"},{"#text":"","size":"large"},{"#text":"","size":"extralarge"},{"#text":"","size":"mega"}]
Vast Vision, Undefined,,https://www.last.fm/music/Vast+Vision,+Undefined,,[{"#text":"","size":"small"},{"#text":"","size":"medium"},{"#text":"","size":"large"},{"#text":"","size":"extralarge"},{"#text":"","size":"mega"}]
Undefined Auguments,,https://www.last.fm/music/Undefined+Auguments,,[{"#text":"","size":"small"},{"#text":"","size":"medium"},{"#text":"","size":"large"},{"#text":"","size":"extralarge"},{"#text":"","size":"mega"}]
Undefined,87d3003a-7914-4282-bbb4-9c43f43f89aa,https://www.last.fm/music/Undefined,https://lastfm.freetls.fastly.net/i/u/34s/2a96cbd8b46e442fc41c2b86b821562f.png,[{"#text":"https://lastfm.freetls.fastly.net/i/u/34s/2a96cbd8b46e442fc41c2b86b821562f.png","size":"small"},{"#text":"https://lastfm.freetls.fastly.net/i/u/64s/2a96cbd8b46e442fc41c2b86b821562f.png","size":"medium"},{"#text":"https://lastfm.freetls.fastly.net/i/u/174s/2a96cbd8b46e442fc41c2b86b821562f.png","size":"large"},{"#text":"https://lastfm.freetls.fastly.net/i/u/300x300/2a96cbd8b46e442fc41c2b86b821562f.png","size":"extralarge"},{"#text":"https://lastfm.freetls.fastly.net/i/u/300x300/2a96cbd8b46e442fc41c2b86b821562f.png","size":"mega"}]
Undefined Calx,,https://www.last.fm/music/Undefined+Calx,https://lastfm.freetls.fastly.net/i/u/34s/2a96cbd8b46e442fc41c2b86b821562f.png,[{"#text":"https://lastfm.freetls.fastly.net/i/u/34s/2a96cbd8b46e442fc41c2b86b821562f.png","size":"small"},{"#text":"https://lastfm.freetls.fastly.net/i/u/64s/2a96cbd8b46e442fc41c2b86b821562f.png","size":"medium"},{"#text":"https://lastfm.freetls.fastly.net/i/u/174s/2a96cbd8b46e442fc41c2b86b821562f.png","size":"large"},{"#text":"https://lastfm.freetls.fastly.net/i/u/300x300/2a96cbd8b46e442fc41c2b86b821562f.png","size":"extralarge"},{"#text":"https://lastfm.freetls.fastly.net/i/u/300x300/2a96cbd8b46e442fc41c2b86b821562f.png","size":"mega"}]
undefinedPlayboi Carti,,https://www.last.fm/music/undefinedPlayboi+Carti,,[{"#text":"","size":"small"},{"#text":"","size":"medium"},{"#text":"","size":"large"},{"#text":"","size":"extralarge"},{"#text":"","size":"mega"}]
Undefined (MT),,https://www.last.fm/music/Undefined+(MT),,[{"#text":"","size":"small"},{"#text":"","size":"medium"},{"#text":"","size":"large"},{"#text":"","size":"extralarge"},{"#text":"","size":"mega"}]
undefined.,,https://www.last.fm/music/undefined.,,[{"#text":"","size":"small"},{"#text":"","size":"medium"},{"#text":"","size":"large"},{"#text":"","size":"extralarge"},{"#text":"","size":"mega"}]
Undefined Pattern,,https://www.last.fm/music/Undefined+Pattern,,[{"#text":"","size":"small"},{"#text":"","size":"medium"},{"#text":"","size":"large"},{"#text":"","size":"extralarge"},{"#text":"","size":"mega"}]
<Undefined>,,https://www.last.fm/music/%3CUndefined%3E,,[{"#text":"","size":"small"},{"#text":"","size":"medium"},{"#text":"","size":"large"},{"#text":"","size":"extralarge"},{"#text":"","size":"mega"}]
undefined audios,,https://www.last.fm/music/undefined+audios,,[{"#text":"","size":"small"},{"#text":"","size":"medium"},{"#text":"","size":"large"},{"#text":"","size":"extralarge"},{"#text":"","size":"mega"}]
The Undefined,,https://www.last.fm/music/The+Undefined,,[{"#text":"","size":"small"},{"#text":"","size":"medium"},{"#text":"","size":"large"},{"#text":"","size":"extralarge"},{"#text":"","size":"mega"}]
Undefined field,,https://www.last.fm/music/Undefined+field,,[{"#text":"","size":"small"},{"#text":"","size":"medium"},{"#text":"","size":"large"},{"#text":"","size":"extralarge"},{"#text":"","size":"mega"}]
Kazufumi Kodama & Undefined,,https://www.last.fm/music/Kazufumi+Kodama+&+Undefined,https://lastfm.freetls.fastly.net/i/u/34s/2a96cbd8b46e442fc41c2b86b821562f.png,[{"#text":"https://lastfm.freetls.fastly.net/i/u/34s/2a96cbd8b46e442fc41c2b86b821562f.png","size":"small"},{"#text":"https://lastfm.freetls.fastly.net/i/u/64s/2a96cbd8b46e442fc41c2b86b821562f.png","size":"medium"},{"#text":"https://lastfm.freetls.fastly.net/i/u/174s/2a96cbd8b46e442fc41c2b86b821562f.png","size":"large"},{"#text":"https://lastfm.freetls.fastly.net/i/u/300x300/2a96cbd8b46e442fc41c2b86b821562f.png","size":"extralarge"},{"#text":"https://lastfm.freetls.fastly.net/i/u/300x300/2a96cbd8b46e442fc41c2b86b821562f.png","size":"mega"}]
Hoodzie 'N' Undefined Feat. Marie Louise,,https://www.last.fm/music/Hoodzie+%27N%27+Undefined+Feat.+Marie+Louise,,[{"#text":"","size":"small"},{"#text":"","size":"medium"},{"#text":"","size":"large"},{"#text":"","size":"extralarge"},{"#text":"","size":"mega"}]
Undefined Fantastic Channel,,https://www.last.fm/music/Undefined+Fantastic+Channel,,[{"#text":"","size":"small"},{"#text":"","size":"medium"},{"#text":"","size":"large"},{"#text":"","size":"extralarge"},{"#text":"","size":"mega"}]
Touhou 12 - Undefined Fantastic Object,,https://www.last.fm/music/Touhou+12+-+Undefined+Fantastic+Object,,[{"#text":"","size":"small"},{"#text":"","size":"medium"},{"#text":"","size":"large"},{"#text":"","size":"extralarge"},{"#text":"","size":"mega"}]
U1 undefined behavior,,https://www.last.fm/music/U1+undefined+behavior,,[{"#text":"","size":"small"},{"#text":"","size":"medium"},{"#text":"","size":"large"},{"#text":"","size":"extralarge"},{"#text":"","size":"mega"}]
Undefined Variable,,https://www.last.fm/music/Undefined+Variable,https://lastfm.freetls.fastly.net/i/u/34s/2a96cbd8b46e442fc41c2b86b821562f.png,[{"#text":"https://lastfm.freetls.fastly.net/i/u/34s/2a96cbd8b46e442fc41c2b86b821562f.png","size":"small"},{"#text":"https://lastfm.freetls.fastly.net/i/u/64s/2a96cbd8b46e442fc41c2b86b821562f.png","size":"medium"},{"#text":"https://lastfm.freetls.fastly.net/i/u/174s/2a96cbd8b46e442fc41c2b86b821562f.png","size":"large"},{"#text":"https://lastfm.freetls.fastly.net/i/u/300x300/2a96cbd8b46e442fc41c2b86b821562f.png","size":"extralarge"},{"#text":"https://lastfm.freetls.fastly.net/i/u/300x300/2a96cbd8b46e442fc41c2b86b821562f.png","size":"mega"}]
[undefined],,https://www.last.fm/music/%5Bundefined%5D,,[{"#text":"","size":"small"},{"#text":"","size":"medium"},{"#text":"","size":"large"},{"#text":"","size":"extralarge"},{"#text":"","size":"mega"}]
The Undefined Collective,,https://www.last.fm/music/The+Undefined+Collective,https://lastfm.freetls.fastly.net/i/u/34s/2a96cbd8b46e442fc41c2b86b821562f.png,[{"#text":"https://lastfm.freetls.fastly.net/i/u/34s/2a96cbd8b46e442fc41c2b86b821562f.png","size":"small"},{"#text":"https://lastfm.freetls.fastly.net/i/u/64s/2a96cbd8b46e442fc41c2b86b821562f.png","size":"medium"},{"#text":"https://lastfm.freetls.fastly.net/i/u/174s/2a96cbd8b46e442fc41c2b86b821562f.png","size":"large"},{"#text":"https://lastfm.freetls.fastly.net/i/u/300x300/2a96cbd8b46e442fc41c2b86b821562f.png","size":"extralarge"},{"#text":"https://lastfm.freetls.fastly.net/i/u/300x300/2a96cbd8b46e442fc41c2b86b821562f.png","size":"mega"}]
Forever Undefined,,https://www.last.fm/music/Forever+Undefined,https://lastfm.freetls.fastly.net/i/u/34s/2a96cbd8b46e442fc41c2b86b821562f.png,[{"#text":"https://lastfm.freetls.fastly.net/i/u/34s/2a96cbd8b46e442fc41c2b86b821562f.png","size":"small"},{"#text":"https://lastfm.freetls.fastly.net/i/u/64s/2a96cbd8b46e442fc41c2b86b821562f.png","size":"medium"},{"#text":"https://lastfm.freetls.fastly.net/i/u/174s/2a96cbd8b46e442fc41c2b86b821562f.png","size":"large"},{"#text":"https://lastfm.freetls.fastly.net/i/u/300x300/2a96cbd8b46e442fc41c2b86b821562f.png","size":"extralarge"},{"#text":"https://lastfm.freetls.fastly.net/i/u/300x300/2a96cbd8b46e442fc41c2b86b821562f.png","size":"mega"}]
Undefined Variable and K3WRO,,https://www.last.fm/music/Undefined+Variable+and+K3WRO,,[{"#text":"","size":"small"},{"#text":"","size":"medium"},{"#text":"","size":"large"},{"#text":"","size":"extralarge"},{"#text":"","size":"mega"}]
undefined undefined,,https://www.last.fm/music/undefined+undefined,,[{"#text":"","size":"small"},{"#text":"","size":"medium"},{"#text":"","size":"large"},{"#text":"","size":"extralarge"},{"#text":"","size":"mega"}]
Undefined People,,https://www.last.fm/music/Undefined+People,,[{"#text":"","size":"small"},{"#text":"","size":"medium"},{"#text":"","size":"large"},{"#text":"","size":"extralarge"},{"#text":"","size":"mega"}]
Undefined & Da Mindbender,,https://www.last.fm/music/Undefined+&+Da+Mindbender,https://lastfm.freetls.fastly.net/i/u/34s/2a96cbd8b46e442fc41c2b86b821562f.png,[{"#text":"https://lastfm.freetls.fastly.net/i/u/34s/2a96cbd8b46e442fc41c2b86b821562f.png","size":"small"},{"#text":"https://lastfm.freetls.fastly.net/i/u/64s/2a96cbd8b46e442fc41c2b86b821562f.png","size":"medium"},{"#text":"https://lastfm.freetls.fastly.net/i/u/174s/2a96cbd8b46e442fc41c2b86b821562f.png","size":"large"},{"#text":"https://lastfm.freetls.fastly.net/i/u/300x300/2a96cbd8b46e442fc41c2b86b821562f.png","size":"extralarge"},{"#text":"https://lastfm.freetls.fastly.net/i/u/300x300/2a96cbd8b46e442fc41c2b86b821562f.png","size":"mega"}]
Undefined Purpose,,https://www.last.fm/music/Undefined+Purpose,,[{"#text":"","size":"small"},{"#text":"","size":"medium"},{"#text":"","size":"large"},{"#text":"","size":"extralarge"},{"#text":"","size":"mega"}]
Undefined Noise,,https://www.last.fm/music/Undefined+Noise,,[{"#text":"","size":"small"},{"#text":"","size":"medium"},{"#text":"","size":"large"},{"#text":"","size":"extralarge"},{"#text":"","size":"mega"}]
undefined artist,,https://www.last.fm/music/undefined+artist,,[{"#text":"","size":"small"},{"#text":"","size":"medium"},{"#text":"","size":"large"},{"#text":"","size":"extralarge"},{"#text":"","size":"mega"}]
Undefined Variable & K3WRO,,https://www.last.fm/music/Undefined+Variable+&+K3WRO,https://lastfm.freetls.fastly.net/i/u/34s/2a96cbd8b46e442fc41c2b86b821562f.png,[{"#text":"https://lastfm.freetls.fastly.net/i/u/34s/2a96cbd8b46e442fc41c2b86b821562f.png","size":"small"},{"#text":"https://lastfm.freetls.fastly.net/i/u/64s/2a96cbd8b46e442fc41c2b86b821562f.png","size":"medium"},{"#text":"https://lastfm.freetls.fastly.net/i/u/174s/2a96cbd8b46e442fc41c2b86b821562f.png","size":"large"},{"#text":"https://lastfm.freetls.fastly.net/i/u/300x300/2a96cbd8b46e442fc41c2b86b821562f.png","size":"extralarge"},{"#text":"https://lastfm.freetls.fastly.net/i/u/300x300/2a96cbd8b46e442fc41c2b86b821562f.png","size":"mega"}]
Hoodzie & Undefined Feat. Marie Louise,,https://www.last.fm/music/Hoodzie+&+Undefined+Feat.+Marie+Louise,,[{"#text":"","size":"small"},{"#text":"","size":"medium"},{"#text":"","size":"large"},{"#text":"","size":"extralarge"},{"#text":"","size":"mega"}]
Vast Vision, Undefined,,https://www.last.fm/music/Vast+Vision,+Undefined,,[{"#text":"","size":"small"},{"#text":"","size":"medium"},{"#text":"","size":"large"},{"#text":"","size":"extralarge"},{"#text":"","size":"mega"}]
Undefined Auguments,,https://www.last.fm/music/Undefined+Auguments,,[{"#text":"","size":"small"},{"#text":"","size":"medium"},{"#text":"","size":"large"},{"#text":"","size":"extralarge"},{"#text":"","size":"mega"}]
Undefined,87d3003a-7914-4282-bbb4-9c43f43f89aa,https://www.last.fm/music/Undefined,https://lastfm.freetls.fastly.net/i/u/34s/2a96cbd8b46e442fc41c2b86b821562f.png,[{"#text":"https://lastfm.freetls.fastly.net/i/u/34s/2a96cbd8b46e442fc41c2b86b821562f.png","size":"small"},{"#text":"https://lastfm.freetls.fastly.net/i/u/64s/2a96cbd8b46e442fc41c2b86b821562f.png","size":"medium"},{"#text":"https://lastfm.freetls.fastly.net/i/u/174s/2a96cbd8b46e442fc41c2b86b821562f.png","size":"large"},{"#text":"https://lastfm.freetls.fastly.net/i/u/300x300/2a96cbd8b46e442fc41c2b86b821562f.png","size":"extralarge"},{"#text":"https://lastfm.freetls.fastly.net/i/u/300x300/2a96cbd8b46e442fc41c2b86b821562f.png","size":"mega"}]
Undefined Calx,,https://www.last.fm/music/Undefined+Calx,https://lastfm.freetls.fastly.net/i/u/34s/2a96cbd8b46e442fc41c2b86b821562f.png,[{"#text":"https://lastfm.freetls.fastly.net/i/u/34s/2a96cbd8b46e442fc41c2b86b821562f.png","size":"small"},{"#text":"https://lastfm.freetls.fastly.net/i/u/64s/2a96cbd8b46e442fc41c2b86b821562f.png","size":"medium"},{"#text":"https://lastfm.freetls.fastly.net/i/u/174s/2a96cbd8b46e442fc41c2b86b821562f.png","size":"large"},{"#text":"https://lastfm.freetls.fastly.net/i/u/300x300/2a96cbd8b46e442fc41c2b86b821562f.png","size":"extralarge"},{"#text":"https://lastfm.freetls.fastly.net/i/u/300x300/2a96cbd8b46e442fc41c2b86b821562f.png","size":"mega"}]
undefinedPlayboi Carti,,https://www.last.fm/music/undefinedPlayboi+Carti,,[{"#text":"","size":"small"},{"#text":"","size":"medium"},{"#text":"","size":"large"},{"#text":"","size":"extralarge"},{"#text":"","size":"mega"}]
Undefined (MT),,https://www.last.fm/music/Undefined+(MT),,[{"#text":"","size":"small"},{"#text":"","size":"medium"},{"#text":"","size":"large"},{"#text":"","size":"extralarge"},{"#text":"","size":"mega"}]
undefined.,,https://www.last.fm/music/undefined.,,[{"#text":"","size":"small"},{"#text":"","size":"medium"},{"#text":"","size":"large"},{"#text":"","size":"extralarge"},{"#text":"","size":"mega"}]
Undefined Pattern,,https://www.last.fm/music/Undefined+Pattern,,[{"#text":"","size":"small"},{"#text":"","size":"medium"},{"#text":"","size":"large"},{"#text":"","size":"extralarge"},{"#text":"","size":"mega"}]
<Undefined>,,https://www.last.fm/music/%3CUndefined%3E,,[{"#text":"","size":"small"},{"#text":"","size":"medium"},{"#text":"","size":"large"},{"#text":"","size":"extralarge"},{"#text":"","size":"mega"}]
undefined audios,,https://www.last.fm/music/undefined+audios,,[{"#text":"","size":"small"},{"#text":"","size":"medium"},{"#text":"","size":"large"},{"#text":"","size":"extralarge"},{"#text":"","size":"mega"}]
The Undefined,,https://www.last.fm/music/The+Undefined,,[{"#text":"","size":"small"},{"#text":"","size":"medium"},{"#text":"","size":"large"},{"#text":"","size":"extralarge"},{"#text":"","size":"mega"}]
Undefined field,,https://www.last.fm/music/Undefined+field,,[{"#text":"","size":"small"},{"#text":"","size":"medium"},{"#text":"","size":"large"},{"#text":"","size":"extralarge"},{"#text":"","size":"mega"}]
Kazufumi Kodama & Undefined,,https://www.last.fm/music/Kazufumi+Kodama+&+Undefined,https://lastfm.freetls.fastly.net/i/u/34s/2a96cbd8b46e442fc41c2b86b821562f.png,[{"#text":"https://lastfm.freetls.fastly.net/i/u/34s/2a96cbd8b46e442fc41c2b86b821562f.png","size":"small"},{"#text":"https://lastfm.freetls.fastly.net/i/u/64s/2a96cbd8b46e442fc41c2b86b821562f.png","size":"medium"},{"#text":"https://lastfm.freetls.fastly.net/i/u/174s/2a96cbd8b46e442fc41c2b86b821562f.png","size":"large"},{"#text":"https://lastfm.freetls.fastly.net/i/u/300x300/2a96cbd8b46e442fc41c2b86b821562f.png","size":"extralarge"},{"#text":"https://lastfm.freetls.fastly.net/i/u/300x300/2a96cbd8b46e442fc41c2b86b821562f.png","size":"mega"}]
Hoodzie 'N' Undefined Feat. Marie Louise,,https://www.last.fm/music/Hoodzie+%27N%27+Undefined+Feat.+Marie+Louise,,[{"#text":"","size":"small"},{"#text":"","size":"medium"},{"#text":"","size":"large"},{"#text":"","size":"extralarge"},{"#text":"","size":"mega"}]
Undefined Fantastic Channel,,https://www.last.fm/music/Undefined+Fantastic+Channel,,[{"#text":"","size":"small"},{"#text":"","size":"medium"},{"#text":"","size":"large"},{"#text":"","size":"extralarge"},{"#text":"","size":"mega"}]
Touhou 12 - Undefined Fantastic Object,,https://www.last.fm/music/Touhou+12+-+Undefined+Fantastic+Object,,[{"#text":"","size":"small"},{"#text":"","size":"medium"},{"#text":"","size":"large"},{"#text":"","size":"extralarge"},{"#text":"","size":"mega"}]
U1 undefined behavior,,https://www.last.fm/music/U1+undefined+behavior,,[{"#text":"","size":"small"},{"#text":"","size":"medium"},{"#text":"","size":"large"},{"#text":"","size":"extralarge"},{"#text":"","size":"mega"}]
Undefined Variable,,https://www.last.fm/music/Undefined+Variable,https://lastfm.freetls.fastly.net/i/u/34s/2a96cbd8b46e442fc41c2b86b821562f.png,[{"#text":"https://lastfm.freetls.fastly.net/i/u/34s/2a96cbd8b46e442fc41c2b86b821562f.png","size":"small"},{"#text":"https://lastfm.freetls.fastly.net/i/u/64s/2a96cbd8b46e442fc41c2b86b821562f.png","size":"medium"},{"#text":"https://lastfm.freetls.fastly.net/i/u/174s/2a96cbd8b46e442fc41c2b86b821562f.png","size":"large"},{"#text":"https://lastfm.freetls.fastly.net/i/u/300x300/2a96cbd8b46e442fc41c2b86b821562f.png","size":"extralarge"},{"#text":"https://lastfm.freetls.fastly.net/i/u/300x300/2a96cbd8b46e442fc41c2b86b821562f.png","size":"mega"}]
[undefined],,https://www.last.fm/music/%5Bundefined%5D,,[{"#text":"","size":"small"},{"#text":"","size":"medium"},{"#text":"","size":"large"},{"#text":"","size":"extralarge"},{"#text":"","size":"mega"}]
The Undefined Collective,,https://www.last.fm/music/The+Undefined+Collective,https://lastfm.freetls.fastly.net/i/u/34s/2a96cbd8b46e442fc41c2b86b821562f.png,[{"#text":"https://lastfm.freetls.fastly.net/i/u/34s/2a96cbd8b46e442fc41c2b86b821562f.png","size":"small"},{"#text":"https://lastfm.freetls.fastly.net/i/u/64s/2a96cbd8b46e442fc41c2b86b821562f.png","size":"medium"},{"#text":"https://lastfm.freetls.fastly.net/i/u/174s/2a96cbd8b46e442fc41c2b86b821562f.png","size":"large"},{"#text":"https://lastfm.freetls.fastly.net/i/u/300x300/2a96cbd8b46e442fc41c2b86b821562f.png","size":"extralarge"},{"#text":"https://lastfm.freetls.fastly.net/i/u/300x300/2a96cbd8b46e442fc41c2b86b821562f.png","size":"mega"}]
Forever Undefined,,https://www.last.fm/music/Forever+Undefined,https://lastfm.freetls.fastly.net/i/u/34s/2a96cbd8b46e442fc41c2b86b821562f.png,[{"#text":"https://lastfm.freetls.fastly.net/i/u/34s/2a96cbd8b46e442fc41c2b86b821562f.png","size":"small"},{"#text":"https://lastfm.freetls.fastly.net/i/u/64s/2a96cbd8b46e442fc41c2b86b821562f.png","size":"medium"},{"#text":"https://lastfm.freetls.fastly.net/i/u/174s/2a96cbd8b46e442fc41c2b86b821562f.png","size":"large"},{"#text":"https://lastfm.freetls.fastly.net/i/u/300x300/2a96cbd8b46e442fc41c2b86b821562f.png","size":"extralarge"},{"#text":"https://lastfm.freetls.fastly.net/i/u/300x300/2a96cbd8b46e442fc41c2b86b821562f.png","size":"mega"}]
Undefined Variable and K3WRO,,https://www.last.fm/music/Undefined+Variable+and+K3WRO,,[{"#text":"","size":"small"},{"#text":"","size":"medium"},{"#text":"","size":"large"},{"#text":"","size":"extralarge"},{"#text":"","size":"mega"}]
undefined undefined,,https://www.last.fm/music/undefined+undefined,,[{"#text":"","size":"small"},{"#text":"","size":"medium"},{"#text":"","size":"large"},{"#text":"","size":"extralarge"},{"#text":"","size":"mega"}]
Undefined People,,https://www.last.fm/music/Undefined+People,,[{"#text":"","size":"small"},{"#text":"","size":"medium"},{"#text":"","size":"large"},{"#text":"","size":"extralarge"},{"#text":"","size":"mega"}]
Undefined & Da Mindbender,,https://www.last.fm/music/Undefined+&+Da+Mindbender,https://lastfm.freetls.fastly.net/i/u/34s/2a96cbd8b46e442fc41c2b86b821562f.png,[{"#text":"https://lastfm.freetls.fastly.net/i/u/34s/2a96cbd8b46e442fc41c2b86b821562f.png","size":"small"},{"#text":"https://lastfm.freetls.fastly.net/i/u/64s/2a96cbd8b46e442fc41c2b86b821562f.png","size":"medium"},{"#text":"https://lastfm.freetls.fastly.net/i/u/174s/2a96cbd8b46e442fc41c2b86b821562f.png","size":"large"},{"#text":"https://lastfm.freetls.fastly.net/i/u/300x300/2a96cbd8b46e442fc41c2b86b821562f.png","size":"extralarge"},{"#text":"https://lastfm.freetls.fastly.net/i/u/300x300/2a96cbd8b46e442fc41c2b86b821562f.png","size":"mega"}]
Undefined Purpose,,https://www.last.fm/music/Undefined+Purpose,,[{"#text":"","size":"small"},{"#text":"","size":"medium"},{"#text":"","size":"large"},{"#text":"","size":"extralarge"},{"#text":"","size":"mega"}]
Undefined Noise,,https://www.last.fm/music/Undefined+Noise,,[{"#text":"","size":"small"},{"#text":"","size":"medium"},{"#text":"","size":"large"},{"#text":"","size":"extralarge"},{"#text":"","size":"mega"}]
undefined artist,,https://www.last.fm/music/undefined+artist,,[{"#text":"","size":"small"},{"#text":"","size":"medium"},{"#text":"","size":"large"},{"#text":"","size":"extralarge"},{"#text":"","size":"mega"}]
Undefined Variable & K3WRO,,https://www.last.fm/music/Undefined+Variable+&+K3WRO,https://lastfm.freetls.fastly.net/i/u/34s/2a96cbd8b46e442fc41c2b86b821562f.png,[{"#text":"https://lastfm.freetls.fastly.net/i/u/34s/2a96cbd8b46e442fc41c2b86b821562f.png","size":"small"},{"#text":"https://lastfm.freetls.fastly.net/i/u/64s/2a96cbd8b46e442fc41c2b86b821562f.png","size":"medium"},{"#text":"https://lastfm.freetls.fastly.net/i/u/174s/2a96cbd8b46e442fc41c2b86b821562f.png","size":"large"},{"#text":"https://lastfm.freetls.fastly.net/i/u/300x300/2a96cbd8b46e442fc41c2b86b821562f.png","size":"extralarge"},{"#text":"https://lastfm.freetls.fastly.net/i/u/300x300/2a96cbd8b46e442fc41c2b86b821562f.png","size":"mega"}]
Hoodzie & Undefined Feat. Marie Louise,,https://www.last.fm/music/Hoodzie+&+Undefined+Feat.+Marie+Louise,,[{"#text":"","size":"small"},{"#text":"","size":"medium"},{"#text":"","size":"large"},{"#text":"","size":"extralarge"},{"#text":"","size":"mega"}]
Vast Vision, Undefined,,https://www.last.fm/music/Vast+Vision,+Undefined,,[{"#text":"","size":"small"},{"#text":"","size":"medium"},{"#text":"","size":"large"},{"#text":"","size":"extralarge"},{"#text":"","size":"mega"}]
Undefined Auguments,,https://www.last.fm/music/Undefined+Auguments,,[{"#text":"","size":"small"},{"#text":"","size":"medium"},{"#text":"","size":"large"},{"#text":"","size":"extralarge"},{"#text":"","size":"mega"}]
Undefined,87d3003a-7914-4282-bbb4-9c43f43f89aa,https://www.last.fm/music/Undefined,https://lastfm.freetls.fastly.net/i/u/34s/2a96cbd8b46e442fc41c2b86b821562f.png,[{"#text":"https://lastfm.freetls.fastly.net/i/u/34s/2a96cbd8b46e442fc41c2b86b821562f.png","size":"small"},{"#text":"https://lastfm.freetls.fastly.net/i/u/64s/2a96cbd8b46e442fc41c2b86b821562f.png","size":"medium"},{"#text":"https://lastfm.freetls.fastly.net/i/u/174s/2a96cbd8b46e442fc41c2b86b821562f.png","size":"large"},{"#text":"https://lastfm.freetls.fastly.net/i/u/300x300/2a96cbd8b46e442fc41c2b86b821562f.png","size":"extralarge"},{"#text":"https://lastfm.freetls.fastly.net/i/u/300x300/2a96cbd8b46e442fc41c2b86b821562f.png","size":"mega"}]
Undefined Calx,,https://www.last.fm/music/Undefined+Calx,https://lastfm.freetls.fastly.net/i/u/34s/2a96cbd8b46e442fc41c2b86b821562f.png,[{"#text":"https://lastfm.freetls.fastly.net/i/u/34s/2a96cbd8b46e442fc41c2b86b821562f.png","size":"small"},{"#text":"https://lastfm.freetls.fastly.net/i/u/64s/2a96cbd8b46e442fc41c2b86b821562f.png","size":"medium"},{"#text":"https://lastfm.freetls.fastly.net/i/u/174s/2a96cbd8b46e442fc41c2b86b821562f.png","size":"large"},{"#text":"https://lastfm.freetls.fastly.net/i/u/300x300/2a96cbd8b46e442fc41c2b86b821562f.png","size":"extralarge"},{"#text":"https://lastfm.freetls.fastly.net/i/u/300x300/2a96cbd8b46e442fc41c2b86b821562f.png","size":"mega"}]
undefinedPlayboi Carti,,https://www.last.fm/music/undefinedPlayboi+Carti,,[{"#text":"","size":"small"},{"#text":"","size":"medium"},{"#text":"","size":"large"},{"#text":"","size":"extralarge"},{"#text":"","size":"mega"}]
Undefined (MT),,https://www.last.fm/music/Undefined+(MT),,[{"#text":"","size":"small"},{"#text":"","size":"medium"},{"#text":"","size":"large"},{"#text":"","size":"extralarge"},{"#text":"","size":"mega"}]
undefined.,,https://www.last.fm/music/undefined.,,[{"#text":"","size":"small"},{"#text":"","size":"medium"},{"#text":"","size":"large"},{"#text":"","size":"extralarge"},{"#text":"","size":"mega"}]
Undefined Pattern,,https://www.last.fm/music/Undefined+Pattern,,[{"#text":"","size":"small"},{"#text":"","size":"medium"},{"#text":"","size":"large"},{"#text":"","size":"extralarge"},{"#text":"","size":"mega"}]
<Undefined>,,https://www.last.fm/music/%3CUndefined%3E,,[{"#text":"","size":"small"},{"#text":"","size":"medium"},{"#text":"","size":"large"},{"#text":"","size":"extralarge"},{"#text":"","size":"mega"}]
undefined audios,,https://www.last.fm/music/undefined+audios,,[{"#text":"","size":"small"},{"#text":"","size":"medium"},{"#text":"","size":"large"},{"#text":"","size":"extralarge"},{"#text":"","size":"mega"}]
The Undefined,,https://www.last.fm/music/The+Undefined,,[{"#text":"","size":"small"},{"#text":"","size":"medium"},{"#text":"","size":"large"},{"#text":"","size":"extralarge"},{"#text":"","size":"mega"}]
Undefined field,,https://www.last.fm/music/Undefined+field,,[{"#text":"","size":"small"},{"#text":"","size":"medium"},{"#text":"","size":"large"},{"#text":"","size":"extralarge"},{"#text":"","size":"mega"}]
Kazufumi Kodama & Undefined,,https://www.last.fm/music/Kazufumi+Kodama+&+Undefined,https://lastfm.freetls.fastly.net/i/u/34s/2a96cbd8b46e442fc41c2b86b821562f.png,[{"#text":"https://lastfm.freetls.fastly.net/i/u/34s/2a96cbd8b46e442fc41c2b86b821562f.png","size":"small"},{"#text":"https://lastfm.freetls.fastly.net/i/u/64s/2a96cbd8b46e442fc41c2b86b821562f.png","size":"medium"},{"#text":"https://lastfm.freetls.fastly.net/i/u/174s/2a96cbd8b46e442fc41c2b86b821562f.png","size":"large"},{"#text":"https://lastfm.freetls.fastly.net/i/u/300x300/2a96cbd8b46e442fc41c2b86b821562f.png","size":"extralarge"},{"#text":"https://lastfm.freetls.fastly.net/i/u/300x300/2a96cbd8b46e442fc41c2b86b821562f.png","size":"mega"}]
Hoodzie 'N' Undefined Feat. Marie Louise,,https://www.last.fm/music/Hoodzie+%27N%27+Undefined+Feat.+Marie+Louise,,[{"#text":"","size":"small"},{"#text":"","size":"medium"},{"#text":"","size":"large"},{"#text":"","size":"extralarge"},{"#text":"","size":"mega"}]
Undefined Fantastic Channel,,https://www.last.fm/music/Undefined+Fantastic+Channel,,[{"#text":"","size":"small"},{"#text":"","size":"medium"},{"#text":"","size":"large"},{"#text":"","size":"extralarge"},{"#text":"","size":"mega"}]
Touhou 12 - Undefined Fantastic Object,,https://www.last.fm/music/Touhou+12+-+Undefined+Fantastic+Object,,[{"#text":"","size":"small"},{"#text":"","size":"medium"},{"#text":"","size":"large"},{"#text":"","size":"extralarge"},{"#text":"","size":"mega"}]
U1 undefined behavior,,https://www.last.fm/music/U1+undefined+behavior,,[{"#text":"","size":"small"},{"#text":"","size":"medium"},{"#text":"","size":"large"},{"#text":"","size":"extralarge"},{"#text":"","size":"mega"}]
Undefined Variable,,https://www.last.fm/music/Undefined+Variable,https://lastfm.freetls.fastly.net/i/u/34s/2a96cbd8b46e442fc41c2b86b821562f.png,[{"#text":"https://lastfm.freetls.fastly.net/i/u/34s/2a96cbd8b46e442fc41c2b86b821562f.png","size":"small"},{"#text":"https://lastfm.freetls.fastly.net/i/u/64s/2a96cbd8b46e442fc41c2b86b821562f.png","size":"medium"},{"#text":"https://lastfm.freetls.fastly.net/i/u/174s/2a96cbd8b46e442fc41c2b86b821562f.png","size":"large"},{"#text":"https://lastfm.freetls.fastly.net/i/u/300x300/2a96cbd8b46e442fc41c2b86b821562f.png","size":"extralarge"},{"#text":"https://lastfm.freetls.fastly.net/i/u/300x300/2a96cbd8b46e442fc41c2b86b821562f.png","size":"mega"}]
[undefined],,https://www.last.fm/music/%5Bundefined%5D,,[{"#text":"","size":"small"},{"#text":"","size":"medium"},{"#text":"","size":"large"},{"#text":"","size":"extralarge"},{"#text":"","size":"mega"}]
The Undefined Collective,,https://www.last.fm/music/The+Undefined+Collective,https://lastfm.freetls.fastly.net/i/u/34s/2a96cbd8b46e442fc41c2b86b821562f.png,[{"#text":"https://lastfm.freetls.fastly.net/i/u/34s/2a96cbd8b46e442fc41c2b86b821562f.png","size":"small"},{"#text":"https://lastfm.freetls.fastly.net/i/u/64s/2a96cbd8b46e442fc41c2b86b821562f.png","size":"medium"},{"#text":"https://lastfm.freetls.fastly.net/i/u/174s/2a96cbd8b46e442fc41c2b86b821562f.png","size":"large"},{"#text":"https://lastfm.freetls.fastly.net/i/u/300x300/2a96cbd8b46e442fc41c2b86b821562f.png","size":"extralarge"},{"#text":"https://lastfm.freetls.fastly.net/i/u/300x300/2a96cbd8b46e442fc41c2b86b821562f.png","size":"mega"}]
Forever Undefined,,https://www.last.fm/music/Forever+Undefined,https://lastfm.freetls.fastly.net/i/u/34s/2a96cbd8b46e442fc41c2b86b821562f.png,[{"#text":"https://lastfm.freetls.fastly.net/i/u/34s/2a96cbd8b46e442fc41c2b86b821562f.png","size":"small"},{"#text":"https://lastfm.freetls.fastly.net/i/u/64s/2a96cbd8b46e442fc41c2b86b821562f.png","size":"medium"},{"#text":"https://lastfm.freetls.fastly.net/i/u/174s/2a96cbd8b46e442fc41c2b86b821562f.png","size":"large"},{"#text":"https://lastfm.freetls.fastly.net/i/u/300x300/2a96cbd8b46e442fc41c2b86b821562f.png","size":"extralarge"},{"#text":"https://lastfm.freetls.fastly.net/i/u/300x300/2a96cbd8b46e442fc41c2b86b821562f.png","size":"mega"}]
Undefined Variable and K3WRO,,https://www.last.fm/music/Undefined+Variable+and+K3WRO,,[{"#text":"","size":"small"},{"#text":"","size":"medium"},{"#text":"","size":"large"},{"#text":"","size":"extralarge"},{"#text":"","size":"mega"}]
undefined undefined,,https://www.last.fm/music/undefined+undefined,,[{"#text":"","size":"small"},{"#text":"","size":"medium"},{"#text":"","size":"large"},{"#text":"","size":"extralarge"},{"#text":"","size":"mega"}]
Undefined People,,https://www.last.fm/music/Undefined+People,,[{"#text":"","size":"small"},{"#text":"","size":"medium"},{"#text":"","size":"large"},{"#text":"","size":"extralarge"},{"#text":"","size":"mega"}]
Undefined & Da Mindbender,,https://www.last.fm/music/Undefined+&+Da+Mindbender,https://lastfm.freetls.fastly.net/i/u/34s/2a96cbd8b46e442fc41c2b86b821562f.png,[{"#text":"https://lastfm.freetls.fastly.net/i/u/34s/2a96cbd8b46e442fc41c2b86b821562f.png","size":"small"},{"#text":"https://lastfm.freetls.fastly.net/i/u/64s/2a96cbd8b46e442fc41c2b86b821562f.png","size":"medium"},{"#text":"https://lastfm.freetls.fastly.net/i/u/174s/2a96cbd8b46e442fc41c2b86b821562f.png","size":"large"},{"#text":"https://lastfm.freetls.fastly.net/i/u/300x300/2a96cbd8b46e442fc41c2b86b821562f.png","size":"extralarge"},{"#text":"https://lastfm.freetls.fastly.net/i/u/300x300/2a96cbd8b46e442fc41c2b86b821562f.png","size":"mega"}]
Undefined Purpose,,https://www.last.fm/music/Undefined+Purpose,,[{"#text":"","size":"small"},{"#text":"","size":"medium"},{"#text":"","size":"large"},{"#text":"","size":"extralarge"},{"#text":"","size":"mega"}]
Undefined Noise,,https://www.last.fm/music/Undefined+Noise,,[{"#text":"","size":"small"},{"#text":"","size":"medium"},{"#text":"","size":"large"},{"#text":"","size":"extralarge"},{"#text":"","size":"mega"}]
undefined artist,,https://www.last.fm/music/undefined+artist,,[{"#text":"","size":"small"},{"#text":"","size":"medium"},{"#text":"","size":"large"},{"#text":"","size":"extralarge"},{"#text":"","size":"mega"}]
Undefined Variable & K3WRO,,https://www.last.fm/music/Undefined+Variable+&+K3WRO,https://lastfm.freetls.fastly.net/i/u/34s/2a96cbd8b46e442fc41c2b86b821562f.png,[{"#text":"https://lastfm.freetls.fastly.net/i/u/34s/2a96cbd8b46e442fc41c2b86b821562f.png","size":"small"},{"#text":"https://lastfm.freetls.fastly.net/i/u/64s/2a96cbd8b46e442fc41c2b86b821562f.png","size":"medium"},{"#text":"https://lastfm.freetls.fastly.net/i/u/174s/2a96cbd8b46e442fc41c2b86b821562f.png","size":"large"},{"#text":"https://lastfm.freetls.fastly.net/i/u/300x300/2a96cbd8b46e442fc41c2b86b821562f.png","size":"extralarge"},{"#text":"https://lastfm.freetls.fastly.net/i/u/300x300/2a96cbd8b46e442fc41c2b86b821562f.png","size":"mega"}]
Hoodzie & Undefined Feat. Marie Louise,,https://www.last.fm/music/Hoodzie+&+Undefined+Feat.+Marie+Louise,,[{"#text":"","size":"small"},{"#text":"","size":"medium"},{"#text":"","size":"large"},{"#text":"","size":"extralarge"},{"#text":"","size":"mega"}]
Vast Vision, Undefined,,https://www.last.fm/music/Vast+Vision,+Undefined,,[{"#text":"","size":"small"},{"#text":"","size":"medium"},{"#text":"","size":"large"},{"#text":"","size":"extralarge"},{"#text":"","size":"mega"}]
Undefined Auguments,,https://www.last.fm/music/Undefined+Auguments,,[{"#text":"","size":"small"},{"#text":"","size":"medium"},{"#text":"","size":"large"},{"#text":"","size":"extralarge"},{"#text":"","size":"mega"}]
Ed Sheeran,b8a7c51f-362c-4dcb-a259-bc6e0095f0a6,https://www.last.fm/music/Ed+Sheeran,https://lastfm.freetls.fastly.net/i/u/34s/2a96cbd8b46e442fc41c2b86b821562f.png,[{"#text":"https://lastfm.freetls.fastly.net/i/u/34s/2a96cbd8b46e442fc41c2b86b821562f.png","size":"small"},{"#text":"https://lastfm.freetls.fastly.net/i/u/64s/2a96cbd8b46e442fc41c2b86b821562f.png","size":"medium"},{"#text":"https://lastfm.freetls.fastly.net/i/u/174s/2a96cbd8b46e442fc41c2b86b821562f.png","size":"large"},{"#text":"https://lastfm.freetls.fastly.net/i/u/300x300/2a96cbd8b46e442fc41c2b86b821562f.png","size":"extralarge"},{"#text":"https://lastfm.freetls.fastly.net/i/u/300x300/2a96cbd8b46e442fc41c2b86b821562f.png","size":"mega"}]
Ed Sheeran & Justin Bieber,,https://www.last.fm/music/Ed+Sheeran+&+Justin+Bieber,https://lastfm.freetls.fastly.net/i/u/34s/2a96cbd8b46e442fc41c2b86b821562f.png,[{"#text":"https://lastfm.freetls.fastly.net/i/u/34s/2a96cbd8b46e442fc41c2b86b821562f.png","size":"small"},{"#text":"https://lastfm.freetls.fastly.net/i/u/64s/2a96cbd8b46e442fc41c2b86b821562f.png","size":"medium"},{"#text":"https://lastfm.freetls.fastly.net/i/u/174s/2a96cbd8b46e442fc41c2b86b821562f.png","size":"large"},{"#text":"https://lastfm.freetls.fastly.net/i/u/300x300/2a96cbd8b46e442fc41c2b86b821562f.png","size":"extralarge"},{"#text":"https://lastfm.freetls.fastly.net/i/u/300x300/2a96cbd8b46e442fc41c2b86b821562f.png","size":"mega"}]
Ed Sheeran & Passenger,,https://www.last.fm/music/Ed+Sheeran+&+Passenger,https://lastfm.freetls.fastly.net/i/u/34s/2a96cbd8b46e442fc41c2b86b821562f.png,[{"#text":"https://lastfm.freetls.fastly.net/i/u/34s/2a96cbd8b46e442fc41c2b86b821562f.png","size":"small"},{"#text":"https://lastfm.freetls.fastly.net/i/u/64s/2a96cbd8b46e442fc41c2b86b821562f.png","size":"medium"},{"#text":"https://lastfm.freetls.fastly.net/i/u/174s/2a96cbd8b46e442fc41c2b86b821562f.png","size":"large"},{"#text":"https://lastfm.freetls.fastly.net/i/u/300x300/2a96cbd8b46e442fc41c2b86b821562f.png","size":"extralarge"},{"#text":"https://lastfm.freetls.fastly.net/i/u/300x300/2a96cbd8b46e442fc41c2b86b821562f.png","size":"mega"}]
Ed Sheeran & Yelawolf,b8a7c51f-362c-4dcb-a259-bc6e0095f0a6,https://www.last.fm/music/Ed+Sheeran+&+Yelawolf,https://lastfm.freetls.fastly.net/i/u/34s/2a96cbd8b46e442fc41c2b86b821562f.png,[{"#text":"https://lastfm.freetls.fastly.net/i/u/34s/2a96cbd8b46e442fc41c2b86b821562f.png","size":"small"},{"#text":"https://lastfm.freetls.fastly.net/i/u/64s/2a96cbd8b46e442fc41c2b86b821562f.png","size":"medium"},{"#text":"https://lastfm.freetls.fastly.net/i/u/174s/2a96cbd8b46e442fc41c2b86b821562f.png","size":"large"},{"#text":"https://lastfm.freetls.fastly.net/i/u/300x300/2a96cbd8b46e442fc41c2b86b821562f.png","size":"extralarge"},{"#text":"https://lastfm.freetls.fastly.net/i/u/300x300/2a96cbd8b46e442fc41c2b86b821562f.png","size":"mega"}]
Ed Sheeran & Travis Scott,,https://www.last.fm/music/Ed+Sheeran+&+Travis+Scott,https://lastfm.freetls.fastly.net/i/u/34s/2a96cbd8b46e442fc41c2b86b821562f.png,[{"#text":"https://lastfm.freetls.fastly.net/i/u/34s/2a96cbd8b46e442fc41c2b86b821562f.png","size":"small"},{"#text":"https://lastfm.freetls.fastly.net/i/u/64s/2a96cbd8b46e442fc41c2b86b821562f.png","size":"medium"},{"#text":"https://lastfm.freetls.fastly.net/i/u/174s/2a96cbd8b46e442fc41c2b86b821562f.png","size":"large"},{"#text":"https://lastfm.freetls.fastly.net/i/u/300x300/2a96cbd8b46e442fc41c2b86b821562f.png","size":"extralarge"},{"#text":"https://lastfm.freetls.fastly.net/i/u/300x300/2a96cbd8b46e442fc41c2b86b821562f.png","size":"mega"}]
Ed Sheeran And Justin Bieber,,https://www.last.fm/music/Ed+Sheeran+And+Justin+Bieber,,[{"#text":"","size":"small"},{"#text":"","size":"medium"},{"#text":"","size":"large"},{"#text":"","size":"extralarge"},{"#text":"","size":"mega"}]
Ed Sheeran & Rudimental,,https://www.last.fm/music/Ed+Sheeran+&+Rudimental,https://lastfm.freetls.fastly.net/i/u/34s/2a96cbd8b46e442fc41c2b86b821562f.png,[{"#text":"https://lastfm.freetls.fastly.net/i/u/34s/2a96cbd8b46e442fc41c2b86b821562f.png","size":"small"},{"#text":"https://lastfm.freetls.fastly.net/i/u/64s/2a96cbd8b46e442fc41c2b86b821562f.png","size":"medium"},{"#text":"https://lastfm.freetls.fastly.net/i/u/174s/2a96cbd8b46e442fc41c2b86b821562f.png","size":"large"},{"#text":"https://lastfm.freetls.fastly.net/i/u/300x300/2a96cbd8b46e442fc41c2b86b821562f.png","size":"extralarge"},{"#text":"https://lastfm.freetls.fastly.net/i/u/300x300/2a96cbd8b46e442fc41c2b86b821562f.png","size":"mega"}]
Ed Sheeran ft. Khalid,,https://www.last.fm/music/Ed+Sheeran+ft.+Khalid,https://lastfm.freetls.fastly.net/i/u/34s/2a96cbd8b46e442fc41c2b86b821562f.png,[{"#text":"https://lastfm.freetls.fastly.net/i/u/34s/2a96cbd8b46e442fc41c2b86b821562f.png","size":"small"},{"#text":"https://lastfm.freetls.fastly.net/i/u/64s/2a96cbd8b46e442fc41c2b86b821562f.png","size":"medium"},{"#text":"https://lastfm.freetls.fastly.net/i/u/174s/2a96cbd8b46e442fc41c2b86b821562f.png","size":"large"},{"#text":"https://lastfm.freetls.fastly.net/i/u/300x300/2a96cbd8b46e442fc41c2b86b821562f.png","size":"extralarge"},{"#text":"https://lastfm.freetls.fastly.net/i/u/300x300/2a96cbd8b46e442fc41c2b86b821562f.png","size":"mega"}]
Ed Sheeran feat. Khalid,,https://www.last.fm/music/Ed+Sheeran+feat.+Khalid,https://lastfm.freetls.fastly.net/i/u/34s/2a96cbd8b46e442fc41c2b86b821562f.png,[{"#text":"https://lastfm.freetls.fastly.net/i/u/34s/2a96cbd8b46e442fc41c2b86b821562f.png","size":"small"},{"#text":"https://lastfm.freetls.fastly.net/i/u/64s/2a96cbd8b46e442fc41c2b86b821562f.png","size":"medium"},{"#text":"https://lastfm.freetls.fastly.net/i/u/174s/2a96cbd8b46e442fc41c2b86b821562f.png","size":"large"},{"#text":"https://lastfm.freetls.fastly.net/i/u/300x300/2a96cbd8b46e442fc41c2b86b821562f.png","size":"extralarge"},{"#text":"https://lastfm.freetls.fastly.net/i/u/300x300/2a96cbd8b46e442fc41c2b86b821562f.png","size":"mega"}]
Ed Sheeran, Justin Bieber,,https://www.last.fm/music/Ed+Sheeran,+Justin+Bieber,,[{"#text":"","size":"small"},{"#text":"","size":"medium"},{"#text":"","size":"large"},{"#text":"","size":"extralarge"},{"#text":"","size":"mega"}]
Ed Sheeran & Elton John,,https://www.last.fm/music/Ed+Sheeran+&+Elton+John,https://lastfm.freetls.fastly.net/i/u/34s/2a96cbd8b46e442fc41c2b86b821562f.png,[{"#text":"https://lastfm.freetls.fastly.net/i/u/34s/2a96cbd8b46e442fc41c2b86b821562f.png","size":"small"},{"#text":"https://lastfm.freetls.fastly.net/i/u/64s/2a96cbd8b46e442fc41c2b86b821562f.png","size":"medium"},{"#text":"https://lastfm.freetls.fastly.net/i/u/174s/2a96cbd8b46e442fc41c2b86b821562f.png","size":"large"},{"#text":"https://lastfm.freetls.fastly.net/i/u/300x300/2a96cbd8b46e442fc41c2b86b821562f.png","size":"extralarge"},{"#text":"https://lastfm.freetls.fastly.net/i/u/300x300/2a96cbd8b46e442fc41c2b86b821562f.png","size":"mega"}]
Ed Sheeran, Chris Stapleton & Bruno Mars,,https://www.last.fm/music/Ed+Sheeran,+Chris+Stapleton+&+Bruno+Mars,https://lastfm.freetls.fastly.net/i/u/34s/2a96cbd8b46e442fc41c2b86b821562f.png,[{"#text":"https://lastfm.freetls.fastly.net/i/u/34s/2a96cbd8b46e442fc41c2b86b821562f.png","size":"small"},{"#text":"https://lastfm.freetls.fastly.net/i/u/64s/2a96cbd8b46e442fc41c2b86b821562f.png","size":"medium"},{"#text":"https://lastfm.freetls.fastly.net/i/u/174s/2a96cbd8b46e442fc41c2b86b821562f.png","size":"large"},{"#text":"https://lastfm.freetls.fastly.net/i/u/300x300/2a96cbd8b46e442fc41c2b86b821562f.png","size":"extralarge"},{"#text":"https://lastfm.freetls.fastly.net/i/u/300x300/2a96cbd8b46e442fc41c2b86b821562f.png","size":"mega"}]
Ed Sheeran, Travis Scott,,https://www.last.fm/music/Ed+Sheeran,+Travis+Scott,,[{"#text":"","size":"small"},{"#text":"","size":"medium"},{"#text":"","size":"large"},{"#text":"","size":"extralarge"},{"#text":"","size":"mega"}]
Eminem, Ed Sheeran,,https://www.last.fm/music/Eminem,+Ed+Sheeran,,[{"#text":"","size":"small"},{"#text":"","size":"medium"},{"#text":"","size":"large"},{"#text":"","size":"extralarge"},{"#text":"","size":"mega"}]
Eminem feat. Ed Sheeran,,https://www.last.fm/music/Eminem+feat.+Ed+Sheeran,,[{"#text":"","size":"small"},{"#text":"","size":"medium"},{"#text":"","size":"large"},{"#text":"","size":"extralarge"},{"#text":"","size":"mega"}]
ED SHEERAN Ft. BEYONCE,,https://www.last.fm/music/ED+SHEERAN+Ft.+BEYONCE,,[{"#text":"","size":"small"},{"#text":"","size":"medium"},{"#text":"","size":"large"},{"#text":"","size":"extralarge"},{"#text":"","size":"mega"}]
Taylor Swift, Ed Sheeran, Future,,https://www.last.fm/music/Taylor+Swift,+Ed+Sheeran,+Future,https://lastfm.freetls.fastly.net/i/u/34s/2a96cbd8b46e442fc41c2b86b821562f.png,[{"#text":"https://lastfm.freetls.fastly.net/i/u/34s/2a96cbd8b46e442fc41c2b86b821562f.png","size":"small"},{"#text":"https://lastfm.freetls.fastly.net/i/u/64s/2a96cbd8b46e442fc41c2b86b821562f.png","size":"medium"},{"#text":"https://lastfm.freetls.fastly.net/i/u/174s/2a96cbd8b46e442fc41c2b86b821562f.png","size":"large"},{"#text":"https://lastfm.freetls.fastly.net/i/u/300x300/2a96cbd8b46e442fc41c2b86b821562f.png","size":"extralarge"},{"#text":"https://lastfm.freetls.fastly.net/i/u/300x300/2a96cbd8b46e442fc41c2b86b821562f.png","size":"mega"}]
Ed Sheeran feat. Camila Cabello & Cardi B,,https://www.last.fm/music/Ed+Sheeran+feat.+Camila+Cabello+&+Cardi+B,,[{"#text":"","size":"small"},{"#text":"","size":"medium"},{"#text":"","size":"large"},{"#text":"","size":"extralarge"},{"#text":"","size":"mega"}]
Ed Sheeran, Beyonc,,https://www.last.fm/music/Ed+Sheeran,+Beyonc%C3%A9,https://lastfm.freetls.fastly.net/i/u/34s/2a96cbd8b46e442fc41c2b86b821562f.png,[{"#text":"https://lastfm.freetls.fastly.net/i/u/34s/2a96cbd8b46e442fc41c2b86b821562f.png","size":"small"},{"#text":"https://lastfm.freetls.fastly.net/i/u/64s/2a96cbd8b46e442fc41c2b86b821562f.png","size":"medium"},{"#text":"https://lastfm.freetls.fastly.net/i/u/174s/2a96cbd8b46e442fc41c2b86b821562f.png","size":"large"},{"#text":"https://lastfm.freetls.fastly.net/i/u/300x300/2a96cbd8b46e442fc41c2b86b821562f.png","size":"extralarge"},{"#text":"https://lastfm.freetls.fastly.net/i/u/300x300/2a96cbd8b46e442fc41c2b86b821562f.png","size":"mega"}]
Ed Sheeran, Khalid,,https://www.last.fm/music/Ed+Sheeran,+Khalid,,[{"#text":"","size":"small"},{"#text":"","size":"medium"},{"#text":"","size":"large"},{"#text":"","size":"extralarge"},{"#text":"","size":"mega"}]
Rudimental feat. Ed Sheeran,,https://www.last.fm/music/Rudimental+feat.+Ed+Sheeran,https://lastfm.freetls.fastly.net/i/u/34s/2a96cbd8b46e442fc41c2b86b821562f.png,[{"#text":"https://lastfm.freetls.fastly.net/i/u/34s/2a96cbd8b46e442fc41c2b86b821562f.png","size":"small"},{"#text":"https://lastfm.freetls.fastly.net/i/u/64s/2a96cbd8b46e442fc41c2b86b821562f.png","size":"medium"},{"#text":"https://lastfm.freetls.fastly.net/i/u/174s/2a96cbd8b46e442fc41c2b86b821562f.png","size":"large"},{"#text":"https://lastfm.freetls.fastly.net/i/u/300x300/2a96cbd8b46e442fc41c2b86b821562f.png","size":"extralarge"},{"#text":"https://lastfm.freetls.fastly.net/i/u/300x300/2a96cbd8b46e442fc41c2b86b821562f.png","size":"mega"}]
Ed Sheeran and Rudimental,,https://www.last.fm/music/Ed+Sheeran+and+Rudimental,,[{"#text":"","size":"small"},{"#text":"","size":"medium"},{"#text":"","size":"large"},{"#text":"","size":"extralarge"},{"#text":"","size":"mega"}]
Eminem ft. Ed Sheeran,,https://www.last.fm/music/Eminem+ft.+Ed+Sheeran,,[{"#text":"","size":"small"},{"#text":"","size":"medium"},{"#text":"","size":"large"},{"#text":"","size":"extralarge"},{"#text":"","size":"mega"}]
Ed Sheeran Feat. Stormzy,,https://www.last.fm/music/Ed+Sheeran+Feat.+Stormzy,,[{"#text":"","size":"small"},{"#text":"","size":"medium"},{"#text":"","size":"large"},{"#text":"","size":"extralarge"},{"#text":"","size":"mega"}]
Fireboy Dml & Ed Sheeran,,https://www.last.fm/music/Fireboy+Dml+&+Ed+Sheeran,https://lastfm.freetls.fastly.net/i/u/34s/2a96cbd8b46e442fc41c2b86b821562f.png,[{"#text":"https://lastfm.freetls.fastly.net/i/u/34s/2a96cbd8b46e442fc41c2b86b821562f.png","size":"small"},{"#text":"https://lastfm.freetls.fastly.net/i/u/64s/2a96cbd8b46e442fc41c2b86b821562f.png","size":"medium"},{"#text":"https://lastfm.freetls.fastly.net/i/u/174s/2a96cbd8b46e442fc41c2b86b821562f.png","size":"large"},{"#text":"https://lastfm.freetls.fastly.net/i/u/300x300/2a96cbd8b46e442fc41c2b86b821562f.png","size":"extralarge"},{"#text":"https://lastfm.freetls.fastly.net/i/u/300x300/2a96cbd8b46e442fc41c2b86b821562f.png","size":"mega"}]
Taylor Swift, Ed Sheeran,,https://www.last.fm/music/Taylor+Swift,+Ed+Sheeran,https://lastfm.freetls.fastly.net/i/u/34s/2a96cbd8b46e442fc41c2b86b821562f.png,[{"#text":"https://lastfm.freetls.fastly.net/i/u/34s/2a96cbd8b46e442fc41c2b86b821562f.png","size":"small"},{"#text":"https://lastfm.freetls.fastly.net/i/u/64s/2a96cbd8b46e442fc41c2b86b821562f.png","size":"medium"},{"#text":"https://lastfm.freetls.fastly.net/i/u/174s/2a96cbd8b46e442fc41c2b86b821562f.png","size":"large"},{"#text":"https://lastfm.freetls.fastly.net/i/u/300x300/2a96cbd8b46e442fc41c2b86b821562f.png","size":"extralarge"},{"#text":"https://lastfm.freetls.fastly.net/i/u/300x300/2a96cbd8b46e442fc41c2b86b821562f.png","size":"mega"}]
Ed Sheeran feat. Chance The Rapper & PnB Rock,,https://www.last.fm/music/Ed+Sheeran+feat.+Chance+The+Rapper+&+PnB+Rock,,[{"#text":"","size":"small"},{"#text":"","size":"medium"},{"#text":"","size":"large"},{"#text":"","size":"extralarge"},{"#text":"","size":"mega"}]
Camila Cabello, Ed Sheeran,,https://www.last.fm/music/Camila+Cabello,+Ed+Sheeran,https://lastfm.freetls.fastly.net/i/u/34s/2a96cbd8b46e442fc41c2b86b821562f.png,[{"#text":"https://lastfm.freetls.fastly.net/i/u/34s/2a96cbd8b46e442fc41c2b86b821562f.png","size":"small"},{"#text":"https://lastfm.freetls.fastly.net/i/u/64s/2a96cbd8b46e442fc41c2b86b821562f.png","size":"medium"},{"#text":"https://lastfm.freetls.fastly.net/i/u/174s/2a96cbd8b46e442fc41c2b86b821562f.png","size":"large"},{"#text":"https://lastfm.freetls.fastly.net/i/u/300x300/2a96cbd8b46e442fc41c2b86b821562f.png","size":"extralarge"},{"#text":"https://lastfm.freetls.fastly.net/i/u/300x300/2a96cbd8b46e442fc41c2b86b821562f.png","size":"mega"}]
Taylor Swift feat. Ed Sheeran & Future,,https://www.last.fm/music/Taylor+Swift+feat.+Ed+Sheeran+&+Future,https://lastfm.freetls.fastly.net/i/u/34s/2a96cbd8b46e442fc41c2b86b821562f.png,[{"#text":"https://lastfm.freetls.fastly.net/i/u/34s/2a96cbd8b46e442fc41c2b86b821562f.png","size":"small"},{"#text":"https://lastfm.freetls.fastly.net/i/u/64s/2a96cbd8b46e442fc41c2b86b821562f.png","size":"medium"},{"#text":"https://lastfm.freetls.fastly.net/i/u/174s/2a96cbd8b46e442fc41c2b86b821562f.png","size":"large"},{"#text":"https://lastfm.freetls.fastly.net/i/u/300x300/2a96cbd8b46e442fc41c2b86b821562f.png","size":"extralarge"},{"#text":"https://lastfm.freetls.fastly.net/i/u/300x300/2a96cbd8b46e442fc41c2b86b821562f.png","size":"mega"}]
Ed Sheeran (feat. Khalid),,https://www.last.fm/music/Ed+Sheeran+(feat.+Khalid),,[{"#text":"","size":"small"},{"#text":"","size":"medium"},{"#text":"","size":"large"},{"#text":"","size":"extralarge"},{"#text":"","size":"mega"}]
